{
    "confidence_score": 0.8232364654541016,
    "ptm": 0.7097998261451721,
    "iptm": 0.4212419390678406,
    "ligand_iptm": 0.0,
    "protein_iptm": 0.4212419390678406,
    "complex_plddt": 0.9237351417541504,
    "complex_iplddt": 0.8796464800834656,
    "complex_pde": 0.6055840253829956,
    "complex_ipde": 7.006209373474121,
    "chains_ptm": {
        "0": 0.9851639270782471,
        "1": 0.9909748435020447,
        "2": 0.9743918776512146
    },
    "pair_chains_iptm": {
        "0": {
            "0": 0.9851639270782471,
            "1": 0.9424023032188416,
            "2": 0.2435489445924759
        },
        "1": {
            "0": 0.9520602226257324,
            "1": 0.9909748435020447,
            "2": 0.22417378425598145
        },
        "2": {
            "0": 0.27451902627944946,
            "1": 0.26783567667007446,
            "2": 0.9743918776512146
        }
    }
}