{
    "confidence_score": 0.7284726500511169,
    "ptm": 0.6898394227027893,
    "iptm": 0.23142573237419128,
    "ligand_iptm": 0.0,
    "protein_iptm": 0.23142573237419128,
    "complex_plddt": 0.852734386920929,
    "complex_iplddt": 0.8235064148902893,
    "complex_pde": 0.8406322598457336,
    "complex_ipde": 14.855759620666504,
    "chains_ptm": {
        "0": 0.9508715867996216,
        "1": 0.9064360857009888
    },
    "pair_chains_iptm": {
        "0": {
            "0": 0.9508715867996216,
            "1": 0.23142573237419128
        },
        "1": {
            "0": 0.20382128655910492,
            "1": 0.9064360857009888
        }
    }
}