{
    "confidence_score": 0.6995450258255005,
    "ptm": 0.7700600624084473,
    "iptm": 0.4279760718345642,
    "ligand_iptm": 0.0,
    "protein_iptm": 0.4279760718345642,
    "complex_plddt": 0.767437219619751,
    "complex_iplddt": 0.7566153407096863,
    "complex_pde": 0.773818850517273,
    "complex_ipde": 10.043256759643555,
    "chains_ptm": {
        "0": 0.9662282466888428,
        "1": 0.9104111194610596
    },
    "pair_chains_iptm": {
        "0": {
            "0": 0.9662282466888428,
            "1": 0.4279760718345642
        },
        "1": {
            "0": 0.35949286818504333,
            "1": 0.9104111194610596
        }
    }
}