{
    "confidence_score": 0.7557181715965271,
    "ptm": 0.7262939214706421,
    "iptm": 0.39572831988334656,
    "ligand_iptm": 0.0,
    "protein_iptm": 0.39572831988334656,
    "complex_plddt": 0.8457156419754028,
    "complex_iplddt": 0.8259352445602417,
    "complex_pde": 0.7752101421356201,
    "complex_ipde": 11.499812126159668,
    "chains_ptm": {
        "0": 0.9497339725494385,
        "1": 0.8780127167701721
    },
    "pair_chains_iptm": {
        "0": {
            "0": 0.9497339725494385,
            "1": 0.39572831988334656
        },
        "1": {
            "0": 0.3455835282802582,
            "1": 0.8780127167701721
        }
    }
}