{
    "confidence_score": 0.7063422203063965,
    "ptm": 0.7716034054756165,
    "iptm": 0.49006614089012146,
    "ligand_iptm": 0.0,
    "protein_iptm": 0.49006614089012146,
    "complex_plddt": 0.760411262512207,
    "complex_iplddt": 0.7477093935012817,
    "complex_pde": 0.934048056602478,
    "complex_ipde": 9.170273780822754,
    "chains_ptm": {
        "0": 0.953548789024353,
        "1": 0.8991873860359192
    },
    "pair_chains_iptm": {
        "0": {
            "0": 0.953548789024353,
            "1": 0.49006614089012146
        },
        "1": {
            "0": 0.450918972492218,
            "1": 0.8991873860359192
        }
    }
}