{
    "confidence_score": 0.8125877380371094,
    "ptm": 0.7354636788368225,
    "iptm": 0.4860955476760864,
    "ligand_iptm": 0.0,
    "protein_iptm": 0.4860955476760864,
    "complex_plddt": 0.8942108154296875,
    "complex_iplddt": 0.826654314994812,
    "complex_pde": 0.7190693616867065,
    "complex_ipde": 6.996748447418213,
    "chains_ptm": {
        "0": 0.9620763063430786,
        "1": 0.9875788688659668,
        "2": 0.9673410654067993
    },
    "pair_chains_iptm": {
        "0": {
            "0": 0.9620763063430786,
            "1": 0.9139390587806702,
            "2": 0.33873477578163147
        },
        "1": {
            "0": 0.9390573501586914,
            "1": 0.9875788688659668,
            "2": 0.33730068802833557
        },
        "2": {
            "0": 0.38889142870903015,
            "1": 0.35136592388153076,
            "2": 0.9673410654067993
        }
    }
}