{
    "confidence_score": 0.8034706115722656,
    "ptm": 0.8029447197914124,
    "iptm": 0.5846705436706543,
    "ligand_iptm": 0.0,
    "protein_iptm": 0.5846705436706543,
    "complex_plddt": 0.8581705689430237,
    "complex_iplddt": 0.8201449513435364,
    "complex_pde": 0.6181256771087646,
    "complex_ipde": 6.829647064208984,
    "chains_ptm": {
        "0": 0.9658832550048828,
        "1": 0.933038592338562
    },
    "pair_chains_iptm": {
        "0": {
            "0": 0.9658832550048828,
            "1": 0.5846705436706543
        },
        "1": {
            "0": 0.5229275226593018,
            "1": 0.933038592338562
        }
    }
}