{
    "confidence_score": 0.6741007566452026,
    "ptm": 0.6786742210388184,
    "iptm": 0.2654109299182892,
    "ligand_iptm": 0.0,
    "protein_iptm": 0.2654109299182892,
    "complex_plddt": 0.7762731909751892,
    "complex_iplddt": 0.7735139727592468,
    "complex_pde": 1.0979710817337036,
    "complex_ipde": 12.309476852416992,
    "chains_ptm": {
        "0": 0.948284924030304,
        "1": 0.8509328961372375
    },
    "pair_chains_iptm": {
        "0": {
            "0": 0.948284924030304,
            "1": 0.2654109299182892
        },
        "1": {
            "0": 0.22601065039634705,
            "1": 0.8509328961372375
        }
    }
}