{
    "confidence_score": 0.7380092144012451,
    "ptm": 0.6693963408470154,
    "iptm": 0.16365060210227966,
    "ligand_iptm": 0.0,
    "protein_iptm": 0.16365060210227966,
    "complex_plddt": 0.8815988898277283,
    "complex_iplddt": 0.7963666319847107,
    "complex_pde": 0.6907874345779419,
    "complex_ipde": 13.487802505493164,
    "chains_ptm": {
        "0": 0.9532593488693237,
        "1": 0.9744518995285034
    },
    "pair_chains_iptm": {
        "0": {
            "0": 0.9532593488693237,
            "1": 0.16365060210227966
        },
        "1": {
            "0": 0.156789630651474,
            "1": 0.9744518995285034
        }
    }
}