{
    "confidence_score": 0.7581265568733215,
    "ptm": 0.814670205116272,
    "iptm": 0.5715007185935974,
    "ligand_iptm": 0.0,
    "protein_iptm": 0.5715007185935974,
    "complex_plddt": 0.8047829866409302,
    "complex_iplddt": 0.7970578670501709,
    "complex_pde": 0.7384660840034485,
    "complex_ipde": 8.12161922454834,
    "chains_ptm": {
        "0": 0.9602678418159485,
        "1": 0.9146987795829773
    },
    "pair_chains_iptm": {
        "0": {
            "0": 0.9602678418159485,
            "1": 0.5715007185935974
        },
        "1": {
            "0": 0.4989221394062042,
            "1": 0.9146987795829773
        }
    }
}