{
    "confidence_score": 0.7628733515739441,
    "ptm": 0.6841216087341309,
    "iptm": 0.22879259288311005,
    "ligand_iptm": 0.0,
    "protein_iptm": 0.22879259288311005,
    "complex_plddt": 0.8963934779167175,
    "complex_iplddt": 0.8643593192100525,
    "complex_pde": 0.6428288221359253,
    "complex_ipde": 11.782739639282227,
    "chains_ptm": {
        "0": 0.9462681412696838,
        "1": 0.9748026132583618
    },
    "pair_chains_iptm": {
        "0": {
            "0": 0.9462681412696838,
            "1": 0.19854402542114258
        },
        "1": {
            "0": 0.22879259288311005,
            "1": 0.9748026132583618
        }
    }
}