{
    "confidence_score": 0.6744654178619385,
    "ptm": 0.6047526597976685,
    "iptm": 0.2239661067724228,
    "ligand_iptm": 0.0,
    "protein_iptm": 0.2239661067724228,
    "complex_plddt": 0.7870902419090271,
    "complex_iplddt": 0.7934613227844238,
    "complex_pde": 1.4597140550613403,
    "complex_ipde": 13.150849342346191,
    "chains_ptm": {
        "0": 0.952938437461853,
        "1": 0.7673114538192749
    },
    "pair_chains_iptm": {
        "0": {
            "0": 0.952938437461853,
            "1": 0.2239661067724228
        },
        "1": {
            "0": 0.19597263634204865,
            "1": 0.7673114538192749
        }
    }
}