{
    "confidence_score": 0.7203747630119324,
    "ptm": 0.6870102882385254,
    "iptm": 0.31653863191604614,
    "ligand_iptm": 0.0,
    "protein_iptm": 0.31653863191604614,
    "complex_plddt": 0.8213337659835815,
    "complex_iplddt": 0.8068265914916992,
    "complex_pde": 1.064949870109558,
    "complex_ipde": 13.415326118469238,
    "chains_ptm": {
        "0": 0.9463162422180176,
        "1": 0.8659303188323975
    },
    "pair_chains_iptm": {
        "0": {
            "0": 0.9463162422180176,
            "1": 0.31653863191604614
        },
        "1": {
            "0": 0.29280388355255127,
            "1": 0.8659303188323975
        }
    }
}