{
    "confidence_score": 0.6714341640472412,
    "ptm": 0.7528057098388672,
    "iptm": 0.24719765782356262,
    "ligand_iptm": 0.0,
    "protein_iptm": 0.24719765782356262,
    "complex_plddt": 0.7774932980537415,
    "complex_iplddt": 0.7536903619766235,
    "complex_pde": 0.6966128349304199,
    "complex_ipde": 13.188366889953613,
    "chains_ptm": {
        "0": 0.9616878628730774,
        "1": 0.9553881883621216
    },
    "pair_chains_iptm": {
        "0": {
            "0": 0.9616878628730774,
            "1": 0.24709844589233398
        },
        "1": {
            "0": 0.24719765782356262,
            "1": 0.9553881883621216
        }
    }
}