{
    "confidence_score": 0.8255195617675781,
    "ptm": 0.8705427050590515,
    "iptm": 0.7819342017173767,
    "ligand_iptm": 0.0,
    "protein_iptm": 0.7819342017173767,
    "complex_plddt": 0.8364158868789673,
    "complex_iplddt": 0.8059699535369873,
    "complex_pde": 0.6417598128318787,
    "complex_ipde": 5.093746185302734,
    "chains_ptm": {
        "0": 0.9667477011680603,
        "1": 0.9177101254463196
    },
    "pair_chains_iptm": {
        "0": {
            "0": 0.9667477011680603,
            "1": 0.7819342017173767
        },
        "1": {
            "0": 0.7160842418670654,
            "1": 0.9177101254463196
        }
    }
}