{
    "confidence_score": 0.7620124220848083,
    "ptm": 0.8191132545471191,
    "iptm": 0.8241446614265442,
    "ligand_iptm": 0.0,
    "protein_iptm": 0.8241446614265442,
    "complex_plddt": 0.7464793920516968,
    "complex_iplddt": 0.7286935448646545,
    "complex_pde": 1.0388579368591309,
    "complex_ipde": 3.6603951454162598,
    "chains_ptm": {
        "0": 0.9638848304748535,
        "1": 0.821295440196991
    },
    "pair_chains_iptm": {
        "0": {
            "0": 0.9638848304748535,
            "1": 0.8241446614265442
        },
        "1": {
            "0": 0.6667624711990356,
            "1": 0.821295440196991
        }
    }
}