{
    "confidence_score": 0.6531752943992615,
    "ptm": 0.6347575187683105,
    "iptm": 0.2660386264324188,
    "ligand_iptm": 0.0,
    "protein_iptm": 0.2660386264324188,
    "complex_plddt": 0.749959409236908,
    "complex_iplddt": 0.7142572402954102,
    "complex_pde": 1.4554955959320068,
    "complex_ipde": 12.075284004211426,
    "chains_ptm": {
        "0": 0.9455028772354126,
        "1": 0.7954911589622498
    },
    "pair_chains_iptm": {
        "0": {
            "0": 0.9455028772354126,
            "1": 0.26530709862709045
        },
        "1": {
            "0": 0.2660386264324188,
            "1": 0.7954911589622498
        }
    }
}