{
    "confidence_score": 0.8355464935302734,
    "ptm": 0.7662293910980225,
    "iptm": 0.5448282957077026,
    "ligand_iptm": 0.0,
    "protein_iptm": 0.5448282957077026,
    "complex_plddt": 0.9082260131835938,
    "complex_iplddt": 0.8647852540016174,
    "complex_pde": 0.5477142333984375,
    "complex_ipde": 5.574355125427246,
    "chains_ptm": {
        "0": 0.9852573871612549,
        "1": 0.9916875958442688,
        "2": 0.9720770120620728
    },
    "pair_chains_iptm": {
        "0": {
            "0": 0.9852573871612549,
            "1": 0.9523462057113647,
            "2": 0.40653902292251587
        },
        "1": {
            "0": 0.957655668258667,
            "1": 0.9916875958442688,
            "2": 0.40453431010246277
        },
        "2": {
            "0": 0.4167341887950897,
            "1": 0.42829376459121704,
            "2": 0.9720770120620728
        }
    }
}