{
    "confidence_score": 0.7557955980300903,
    "ptm": 0.7941033244132996,
    "iptm": 0.550484836101532,
    "ligand_iptm": 0.0,
    "protein_iptm": 0.550484836101532,
    "complex_plddt": 0.8071232438087463,
    "complex_iplddt": 0.8182479739189148,
    "complex_pde": 0.7715540528297424,
    "complex_ipde": 8.971670150756836,
    "chains_ptm": {
        "0": 0.9634327292442322,
        "1": 0.9006185531616211
    },
    "pair_chains_iptm": {
        "0": {
            "0": 0.9634327292442322,
            "1": 0.550484836101532
        },
        "1": {
            "0": 0.49952808022499084,
            "1": 0.9006185531616211
        }
    }
}