{
    "confidence_score": 0.7161287069320679,
    "ptm": 0.6830041408538818,
    "iptm": 0.2573220133781433,
    "ligand_iptm": 0.0,
    "protein_iptm": 0.2573220133781433,
    "complex_plddt": 0.8308303356170654,
    "complex_iplddt": 0.7617714405059814,
    "complex_pde": 0.9973637461662292,
    "complex_ipde": 13.144868850708008,
    "chains_ptm": {
        "0": 0.9611716270446777,
        "1": 0.8729634881019592
    },
    "pair_chains_iptm": {
        "0": {
            "0": 0.9611716270446777,
            "1": 0.2573220133781433
        },
        "1": {
            "0": 0.2534554898738861,
            "1": 0.8729634881019592
        }
    }
}