{
    "confidence_score": 0.6625470519065857,
    "ptm": 0.6372934579849243,
    "iptm": 0.22981445491313934,
    "ligand_iptm": 0.0,
    "protein_iptm": 0.22981445491313934,
    "complex_plddt": 0.770730197429657,
    "complex_iplddt": 0.732072651386261,
    "complex_pde": 1.4022849798202515,
    "complex_ipde": 13.532094955444336,
    "chains_ptm": {
        "0": 0.9584068059921265,
        "1": 0.7999300956726074
    },
    "pair_chains_iptm": {
        "0": {
            "0": 0.9584068059921265,
            "1": 0.22981445491313934
        },
        "1": {
            "0": 0.22978833317756653,
            "1": 0.7999300956726074
        }
    }
}