{
    "confidence_score": 0.7359681129455566,
    "ptm": 0.6830126643180847,
    "iptm": 0.2225450724363327,
    "ligand_iptm": 0.0,
    "protein_iptm": 0.2225450724363327,
    "complex_plddt": 0.8643238544464111,
    "complex_iplddt": 0.8501672744750977,
    "complex_pde": 0.8642000555992126,
    "complex_ipde": 13.289230346679688,
    "chains_ptm": {
        "0": 0.9580273628234863,
        "1": 0.9056912660598755
    },
    "pair_chains_iptm": {
        "0": {
            "0": 0.9580273628234863,
            "1": 0.20235638320446014
        },
        "1": {
            "0": 0.2225450724363327,
            "1": 0.9056912660598755
        }
    }
}