{
    "confidence_score": 0.7436849474906921,
    "ptm": 0.7122202515602112,
    "iptm": 0.3945452570915222,
    "ligand_iptm": 0.0,
    "protein_iptm": 0.3945452570915222,
    "complex_plddt": 0.8309698104858398,
    "complex_iplddt": 0.7815605401992798,
    "complex_pde": 1.0040640830993652,
    "complex_ipde": 10.774791717529297,
    "chains_ptm": {
        "0": 0.9477283358573914,
        "1": 0.8680494427680969
    },
    "pair_chains_iptm": {
        "0": {
            "0": 0.9477283358573914,
            "1": 0.3945452570915222
        },
        "1": {
            "0": 0.3666529953479767,
            "1": 0.8680494427680969
        }
    }
}