{
    "confidence_score": 0.7938679456710815,
    "ptm": 0.6802469491958618,
    "iptm": 0.35589128732681274,
    "ligand_iptm": 0.0,
    "protein_iptm": 0.35589128732681274,
    "complex_plddt": 0.9033620953559875,
    "complex_iplddt": 0.8760859966278076,
    "complex_pde": 0.588945746421814,
    "complex_ipde": 7.315251350402832,
    "chains_ptm": {
        "0": 0.9840206503868103,
        "1": 0.9908123016357422,
        "2": 0.9790096282958984
    },
    "pair_chains_iptm": {
        "0": {
            "0": 0.9840206503868103,
            "1": 0.9432885050773621,
            "2": 0.1509399265050888
        },
        "1": {
            "0": 0.9450106620788574,
            "1": 0.9908123016357422,
            "2": 0.1474529504776001
        },
        "2": {
            "0": 0.18703794479370117,
            "1": 0.1858374923467636,
            "2": 0.9790096282958984
        }
    }
}