{
    "confidence_score": 0.8264646530151367,
    "ptm": 0.8744329214096069,
    "iptm": 0.7295579314231873,
    "ligand_iptm": 0.0,
    "protein_iptm": 0.7295579314231873,
    "complex_plddt": 0.8506913781166077,
    "complex_iplddt": 0.8345738649368286,
    "complex_pde": 0.5640541911125183,
    "complex_ipde": 5.646039962768555,
    "chains_ptm": {
        "0": 0.9669162631034851,
        "1": 0.9461326599121094
    },
    "pair_chains_iptm": {
        "0": {
            "0": 0.9669162631034851,
            "1": 0.7295579314231873
        },
        "1": {
            "0": 0.6740548014640808,
            "1": 0.9461326599121094
        }
    }
}