{
    "confidence_score": 0.6969234347343445,
    "ptm": 0.6548939943313599,
    "iptm": 0.3569776713848114,
    "ligand_iptm": 0.0,
    "protein_iptm": 0.3569776713848114,
    "complex_plddt": 0.7819098234176636,
    "complex_iplddt": 0.7852889895439148,
    "complex_pde": 1.3475861549377441,
    "complex_ipde": 11.335193634033203,
    "chains_ptm": {
        "0": 0.9534555673599243,
        "1": 0.7825323939323425
    },
    "pair_chains_iptm": {
        "0": {
            "0": 0.9534555673599243,
            "1": 0.3569776713848114
        },
        "1": {
            "0": 0.3019273281097412,
            "1": 0.7825323939323425
        }
    }
}