{
    "confidence_score": 0.7539860606193542,
    "ptm": 0.6688072085380554,
    "iptm": 0.18931427597999573,
    "ligand_iptm": 0.0,
    "protein_iptm": 0.18931427597999573,
    "complex_plddt": 0.8951539397239685,
    "complex_iplddt": 0.8717003464698792,
    "complex_pde": 0.6585332751274109,
    "complex_ipde": 12.663030624389648,
    "chains_ptm": {
        "0": 0.9508204460144043,
        "1": 0.9772841334342957
    },
    "pair_chains_iptm": {
        "0": {
            "0": 0.9508204460144043,
            "1": 0.15185675024986267
        },
        "1": {
            "0": 0.18931427597999573,
            "1": 0.9772841334342957
        }
    }
}