{
    "confidence_score": 0.6841424107551575,
    "ptm": 0.6927120685577393,
    "iptm": 0.28249573707580566,
    "ligand_iptm": 0.0,
    "protein_iptm": 0.28249573707580566,
    "complex_plddt": 0.7845540642738342,
    "complex_iplddt": 0.7859293222427368,
    "complex_pde": 1.0238380432128906,
    "complex_ipde": 12.596434593200684,
    "chains_ptm": {
        "0": 0.9639101028442383,
        "1": 0.8604608774185181
    },
    "pair_chains_iptm": {
        "0": {
            "0": 0.9639101028442383,
            "1": 0.28249573707580566
        },
        "1": {
            "0": 0.2473580688238144,
            "1": 0.8604608774185181
        }
    }
}