{
    "confidence_score": 0.7253957986831665,
    "ptm": 0.6801443696022034,
    "iptm": 0.289359450340271,
    "ligand_iptm": 0.0,
    "protein_iptm": 0.289359450340271,
    "complex_plddt": 0.8344048261642456,
    "complex_iplddt": 0.7869511842727661,
    "complex_pde": 0.9961962699890137,
    "complex_ipde": 12.874597549438477,
    "chains_ptm": {
        "0": 0.9531162977218628,
        "1": 0.8650213479995728
    },
    "pair_chains_iptm": {
        "0": {
            "0": 0.9531162977218628,
            "1": 0.289359450340271
        },
        "1": {
            "0": 0.2507147490978241,
            "1": 0.8650213479995728
        }
    }
}