{
    "confidence_score": 0.8714724779129028,
    "ptm": 0.9054531455039978,
    "iptm": 0.8015078902244568,
    "ligand_iptm": 0.0,
    "protein_iptm": 0.8015078902244568,
    "complex_plddt": 0.8889635801315308,
    "complex_iplddt": 0.8252717852592468,
    "complex_pde": 0.4521975815296173,
    "complex_ipde": 2.934041738510132,
    "chains_ptm": {
        "0": 0.9660596251487732,
        "1": 0.9751762747764587
    },
    "pair_chains_iptm": {
        "0": {
            "0": 0.9660596251487732,
            "1": 0.8015078902244568
        },
        "1": {
            "0": 0.7592380046844482,
            "1": 0.9751762747764587
        }
    }
}