{
    "confidence_score": 0.7745553255081177,
    "ptm": 0.848649799823761,
    "iptm": 0.6391299962997437,
    "ligand_iptm": 0.0,
    "protein_iptm": 0.6391299962997437,
    "complex_plddt": 0.8084116578102112,
    "complex_iplddt": 0.7521591186523438,
    "complex_pde": 0.6361806392669678,
    "complex_ipde": 6.0192108154296875,
    "chains_ptm": {
        "0": 0.967914342880249,
        "1": 0.9416167140007019
    },
    "pair_chains_iptm": {
        "0": {
            "0": 0.967914342880249,
            "1": 0.6391299962997437
        },
        "1": {
            "0": 0.6088888645172119,
            "1": 0.9416167140007019
        }
    }
}