{
    "confidence_score": 0.7329731583595276,
    "ptm": 0.7274767160415649,
    "iptm": 0.3625764548778534,
    "ligand_iptm": 0.0,
    "protein_iptm": 0.3625764548778534,
    "complex_plddt": 0.8255723118782043,
    "complex_iplddt": 0.8156325221061707,
    "complex_pde": 0.8709058165550232,
    "complex_ipde": 11.607232093811035,
    "chains_ptm": {
        "0": 0.9525960683822632,
        "1": 0.9009670615196228
    },
    "pair_chains_iptm": {
        "0": {
            "0": 0.9525960683822632,
            "1": 0.3625764548778534
        },
        "1": {
            "0": 0.32690784335136414,
            "1": 0.9009670615196228
        }
    }
}