{
    "confidence_score": 0.8089237213134766,
    "ptm": 0.8248952031135559,
    "iptm": 0.67853844165802,
    "ligand_iptm": 0.0,
    "protein_iptm": 0.67853844165802,
    "complex_plddt": 0.8415200710296631,
    "complex_iplddt": 0.8265125751495361,
    "complex_pde": 0.7325387001037598,
    "complex_ipde": 6.325963497161865,
    "chains_ptm": {
        "0": 0.9542819261550903,
        "1": 0.894741415977478
    },
    "pair_chains_iptm": {
        "0": {
            "0": 0.9542819261550903,
            "1": 0.67853844165802
        },
        "1": {
            "0": 0.6209375262260437,
            "1": 0.894741415977478
        }
    }
}