{
    "confidence_score": 0.6872308850288391,
    "ptm": 0.6439336538314819,
    "iptm": 0.36741501092910767,
    "ligand_iptm": 0.0,
    "protein_iptm": 0.36741501092910767,
    "complex_plddt": 0.767184853553772,
    "complex_iplddt": 0.7127060890197754,
    "complex_pde": 1.525733470916748,
    "complex_ipde": 10.707758903503418,
    "chains_ptm": {
        "0": 0.9508050680160522,
        "1": 0.7585839033126831
    },
    "pair_chains_iptm": {
        "0": {
            "0": 0.9508050680160522,
            "1": 0.36741501092910767
        },
        "1": {
            "0": 0.30700504779815674,
            "1": 0.7585839033126831
        }
    }
}