{
    "confidence_score": 0.7461223006248474,
    "ptm": 0.8757315278053284,
    "iptm": 0.6918362379074097,
    "ligand_iptm": 0.0,
    "protein_iptm": 0.6918362379074097,
    "complex_plddt": 0.7596937417984009,
    "complex_iplddt": 0.7016172409057617,
    "complex_pde": 0.5699376463890076,
    "complex_ipde": 6.126432418823242,
    "chains_ptm": {
        "0": 0.9652929306030273,
        "1": 0.9501262903213501
    },
    "pair_chains_iptm": {
        "0": {
            "0": 0.9652929306030273,
            "1": 0.6918362379074097
        },
        "1": {
            "0": 0.6662474870681763,
            "1": 0.9501262903213501
        }
    }
}