{
    "confidence_score": 0.7046395540237427,
    "ptm": 0.7278035283088684,
    "iptm": 0.4310370981693268,
    "ligand_iptm": 0.0,
    "protein_iptm": 0.4310370981693268,
    "complex_plddt": 0.7730401158332825,
    "complex_iplddt": 0.7551739811897278,
    "complex_pde": 1.1282438039779663,
    "complex_ipde": 9.649039268493652,
    "chains_ptm": {
        "0": 0.9510230422019958,
        "1": 0.8516793251037598
    },
    "pair_chains_iptm": {
        "0": {
            "0": 0.9510230422019958,
            "1": 0.4310370981693268
        },
        "1": {
            "0": 0.3794095516204834,
            "1": 0.8516793251037598
        }
    }
}