{
    "confidence_score": 0.7975971102714539,
    "ptm": 0.7865157127380371,
    "iptm": 0.5727942585945129,
    "ligand_iptm": 0.0,
    "protein_iptm": 0.5727942585945129,
    "complex_plddt": 0.8537977933883667,
    "complex_iplddt": 0.8165920972824097,
    "complex_pde": 0.8259425759315491,
    "complex_ipde": 8.316505432128906,
    "chains_ptm": {
        "0": 0.9576032161712646,
        "1": 0.888593316078186
    },
    "pair_chains_iptm": {
        "0": {
            "0": 0.9576032161712646,
            "1": 0.5727942585945129
        },
        "1": {
            "0": 0.5445897579193115,
            "1": 0.888593316078186
        }
    }
}