{
    "confidence_score": 0.7121369242668152,
    "ptm": 0.7217868566513062,
    "iptm": 0.2194707691669464,
    "ligand_iptm": 0.0,
    "protein_iptm": 0.2194707691669464,
    "complex_plddt": 0.8353034853935242,
    "complex_iplddt": 0.820041298866272,
    "complex_pde": 0.7090955376625061,
    "complex_ipde": 14.48579216003418,
    "chains_ptm": {
        "0": 0.9585270285606384,
        "1": 0.9597939848899841
    },
    "pair_chains_iptm": {
        "0": {
            "0": 0.9585270285606384,
            "1": 0.20099379122257233
        },
        "1": {
            "0": 0.2194707691669464,
            "1": 0.9597939848899841
        }
    }
}