{
    "confidence_score": 0.6872629523277283,
    "ptm": 0.6532589793205261,
    "iptm": 0.28384625911712646,
    "ligand_iptm": 0.0,
    "protein_iptm": 0.28384625911712646,
    "complex_plddt": 0.7881170511245728,
    "complex_iplddt": 0.8043944835662842,
    "complex_pde": 1.2827231884002686,
    "complex_ipde": 13.03427791595459,
    "chains_ptm": {
        "0": 0.9581919312477112,
        "1": 0.8059297204017639
    },
    "pair_chains_iptm": {
        "0": {
            "0": 0.9581919312477112,
            "1": 0.28384625911712646
        },
        "1": {
            "0": 0.260112464427948,
            "1": 0.8059297204017639
        }
    }
}