{
    "confidence_score": 0.7358913421630859,
    "ptm": 0.843502938747406,
    "iptm": 0.5881222486495972,
    "ligand_iptm": 0.0,
    "protein_iptm": 0.5881222486495972,
    "complex_plddt": 0.7728336453437805,
    "complex_iplddt": 0.7424052953720093,
    "complex_pde": 0.5891351699829102,
    "complex_ipde": 7.372338771820068,
    "chains_ptm": {
        "0": 0.960324764251709,
        "1": 0.9518678188323975
    },
    "pair_chains_iptm": {
        "0": {
            "0": 0.960324764251709,
            "1": 0.5881222486495972
        },
        "1": {
            "0": 0.5349692106246948,
            "1": 0.9518678188323975
        }
    }
}