{
    "confidence_score": 0.7697368264198303,
    "ptm": 0.7167060971260071,
    "iptm": 0.2903732359409332,
    "ligand_iptm": 0.0,
    "protein_iptm": 0.2903732359409332,
    "complex_plddt": 0.8895776867866516,
    "complex_iplddt": 0.8093554973602295,
    "complex_pde": 0.6647902727127075,
    "complex_ipde": 10.97114372253418,
    "chains_ptm": {
        "0": 0.9631089568138123,
        "1": 0.9784918427467346
    },
    "pair_chains_iptm": {
        "0": {
            "0": 0.9631089568138123,
            "1": 0.2903732359409332
        },
        "1": {
            "0": 0.2893795669078827,
            "1": 0.9784918427467346
        }
    }
}