{
    "confidence_score": 0.709750235080719,
    "ptm": 0.8014481663703918,
    "iptm": 0.4186336398124695,
    "ligand_iptm": 0.0,
    "protein_iptm": 0.4186336398124695,
    "complex_plddt": 0.782529354095459,
    "complex_iplddt": 0.717329740524292,
    "complex_pde": 0.6232042908668518,
    "complex_ipde": 9.480451583862305,
    "chains_ptm": {
        "0": 0.965661883354187,
        "1": 0.9597883820533752
    },
    "pair_chains_iptm": {
        "0": {
            "0": 0.965661883354187,
            "1": 0.4186336398124695
        },
        "1": {
            "0": 0.3840073347091675,
            "1": 0.9597883820533752
        }
    }
}