{
    "confidence_score": 0.7330650687217712,
    "ptm": 0.7716131210327148,
    "iptm": 0.5217991471290588,
    "ligand_iptm": 0.0,
    "protein_iptm": 0.5217991471290588,
    "complex_plddt": 0.7858815789222717,
    "complex_iplddt": 0.7826603055000305,
    "complex_pde": 0.8885396718978882,
    "complex_ipde": 9.792524337768555,
    "chains_ptm": {
        "0": 0.9716260433197021,
        "1": 0.8807079195976257
    },
    "pair_chains_iptm": {
        "0": {
            "0": 0.9716260433197021,
            "1": 0.5217991471290588
        },
        "1": {
            "0": 0.4591769576072693,
            "1": 0.8807079195976257
        }
    }
}