{
    "confidence_score": 0.6870340704917908,
    "ptm": 0.6617680788040161,
    "iptm": 0.29895374178886414,
    "ligand_iptm": 0.0,
    "protein_iptm": 0.29895374178886414,
    "complex_plddt": 0.784054160118103,
    "complex_iplddt": 0.7819955348968506,
    "complex_pde": 1.3070696592330933,
    "complex_ipde": 12.338376998901367,
    "chains_ptm": {
        "0": 0.9536043405532837,
        "1": 0.816704273223877
    },
    "pair_chains_iptm": {
        "0": {
            "0": 0.9536043405532837,
            "1": 0.29895374178886414
        },
        "1": {
            "0": 0.2753857970237732,
            "1": 0.816704273223877
        }
    }
}