{
    "confidence_score": 0.754074215888977,
    "ptm": 0.717210590839386,
    "iptm": 0.4545629322528839,
    "ligand_iptm": 0.0,
    "protein_iptm": 0.4545629322528839,
    "complex_plddt": 0.8289520144462585,
    "complex_iplddt": 0.8150400519371033,
    "complex_pde": 1.025153398513794,
    "complex_ipde": 11.077473640441895,
    "chains_ptm": {
        "0": 0.9594508409500122,
        "1": 0.8434621095657349
    },
    "pair_chains_iptm": {
        "0": {
            "0": 0.9594508409500122,
            "1": 0.4545629322528839
        },
        "1": {
            "0": 0.3901822566986084,
            "1": 0.8434621095657349
        }
    }
}