{
    "confidence_score": 0.7010505199432373,
    "ptm": 0.6369917392730713,
    "iptm": 0.1829300820827484,
    "ligand_iptm": 0.0,
    "protein_iptm": 0.1829300820827484,
    "complex_plddt": 0.8305806517601013,
    "complex_iplddt": 0.7593446373939514,
    "complex_pde": 1.1071234941482544,
    "complex_ipde": 14.957839965820312,
    "chains_ptm": {
        "0": 0.9531888365745544,
        "1": 0.8612468838691711
    },
    "pair_chains_iptm": {
        "0": {
            "0": 0.9531888365745544,
            "1": 0.1617429256439209
        },
        "1": {
            "0": 0.1829300820827484,
            "1": 0.8612468838691711
        }
    }
}