{
    "confidence_score": 0.8305274844169617,
    "ptm": 0.8083396553993225,
    "iptm": 0.5382898449897766,
    "ligand_iptm": 0.0,
    "protein_iptm": 0.5382898449897766,
    "complex_plddt": 0.9035868644714355,
    "complex_iplddt": 0.887822151184082,
    "complex_pde": 0.5579730868339539,
    "complex_ipde": 7.543578147888184,
    "chains_ptm": {
        "0": 0.959086537361145,
        "1": 0.9754432439804077
    },
    "pair_chains_iptm": {
        "0": {
            "0": 0.959086537361145,
            "1": 0.5382898449897766
        },
        "1": {
            "0": 0.520037829875946,
            "1": 0.9754432439804077
        }
    }
}