{
    "confidence_score": 0.6983261704444885,
    "ptm": 0.660742461681366,
    "iptm": 0.34622296690940857,
    "ligand_iptm": 0.0,
    "protein_iptm": 0.34622296690940857,
    "complex_plddt": 0.7863519787788391,
    "complex_iplddt": 0.6984246969223022,
    "complex_pde": 1.3099074363708496,
    "complex_ipde": 12.704068183898926,
    "chains_ptm": {
        "0": 0.9536197781562805,
        "1": 0.8191624879837036
    },
    "pair_chains_iptm": {
        "0": {
            "0": 0.9536197781562805,
            "1": 0.34622296690940857
        },
        "1": {
            "0": 0.2806519567966461,
            "1": 0.8191624879837036
        }
    }
}