{
    "confidence_score": 0.6809665560722351,
    "ptm": 0.7553687691688538,
    "iptm": 0.3184184432029724,
    "ligand_iptm": 0.0,
    "protein_iptm": 0.3184184432029724,
    "complex_plddt": 0.771603524684906,
    "complex_iplddt": 0.7573440074920654,
    "complex_pde": 0.7125802040100098,
    "complex_ipde": 10.122865676879883,
    "chains_ptm": {
        "0": 0.9650858640670776,
        "1": 0.9391189813613892
    },
    "pair_chains_iptm": {
        "0": {
            "0": 0.9650858640670776,
            "1": 0.3184184432029724
        },
        "1": {
            "0": 0.2841348350048065,
            "1": 0.9391189813613892
        }
    }
}