{
    "confidence_score": 0.8369073867797852,
    "ptm": 0.8628010749816895,
    "iptm": 0.7057555317878723,
    "ligand_iptm": 0.0,
    "protein_iptm": 0.7057555317878723,
    "complex_plddt": 0.8696953654289246,
    "complex_iplddt": 0.7765454649925232,
    "complex_pde": 0.5336703062057495,
    "complex_ipde": 4.627084732055664,
    "chains_ptm": {
        "0": 0.9673926830291748,
        "1": 0.9721606373786926
    },
    "pair_chains_iptm": {
        "0": {
            "0": 0.9673926830291748,
            "1": 0.7057555317878723
        },
        "1": {
            "0": 0.6883329749107361,
            "1": 0.9721606373786926
        }
    }
}