{
    "confidence_score": 0.8204288482666016,
    "ptm": 0.800532341003418,
    "iptm": 0.5283336639404297,
    "ligand_iptm": 0.0,
    "protein_iptm": 0.5283336639404297,
    "complex_plddt": 0.8934527039527893,
    "complex_iplddt": 0.8297792077064514,
    "complex_pde": 0.5215733647346497,
    "complex_ipde": 7.1405110359191895,
    "chains_ptm": {
        "0": 0.9529229402542114,
        "1": 0.9706627726554871
    },
    "pair_chains_iptm": {
        "0": {
            "0": 0.9529229402542114,
            "1": 0.5283336639404297
        },
        "1": {
            "0": 0.5205260515213013,
            "1": 0.9706627726554871
        }
    }
}