{
    "confidence_score": 0.7210709452629089,
    "ptm": 0.7485737204551697,
    "iptm": 0.47683894634246826,
    "ligand_iptm": 0.0,
    "protein_iptm": 0.47683894634246826,
    "complex_plddt": 0.7821289896965027,
    "complex_iplddt": 0.7973816394805908,
    "complex_pde": 0.9626238346099854,
    "complex_ipde": 9.480894088745117,
    "chains_ptm": {
        "0": 0.9515261054039001,
        "1": 0.8642420768737793
    },
    "pair_chains_iptm": {
        "0": {
            "0": 0.9515261054039001,
            "1": 0.47683894634246826
        },
        "1": {
            "0": 0.4006365239620209,
            "1": 0.8642420768737793
        }
    }
}