{
    "confidence_score": 0.8430498242378235,
    "ptm": 0.7614626288414001,
    "iptm": 0.5389599204063416,
    "ligand_iptm": 0.0,
    "protein_iptm": 0.5389599204063416,
    "complex_plddt": 0.9190722703933716,
    "complex_iplddt": 0.8848819732666016,
    "complex_pde": 0.5192363858222961,
    "complex_ipde": 5.25447940826416,
    "chains_ptm": {
        "0": 0.9849291443824768,
        "1": 0.9899863004684448,
        "2": 0.9746030569076538
    },
    "pair_chains_iptm": {
        "0": {
            "0": 0.9849291443824768,
            "1": 0.9477957487106323,
            "2": 0.38831818103790283
        },
        "1": {
            "0": 0.9552709460258484,
            "1": 0.9899863004684448,
            "2": 0.39747893810272217
        },
        "2": {
            "0": 0.3969877064228058,
            "1": 0.41883593797683716,
            "2": 0.9746030569076538
        }
    }
}