{
    "confidence_score": 0.7214431762695312,
    "ptm": 0.7321531176567078,
    "iptm": 0.4411262571811676,
    "ligand_iptm": 0.0,
    "protein_iptm": 0.4411262571811676,
    "complex_plddt": 0.7915223836898804,
    "complex_iplddt": 0.8041083812713623,
    "complex_pde": 0.9882440567016602,
    "complex_ipde": 9.567292213439941,
    "chains_ptm": {
        "0": 0.9618493914604187,
        "1": 0.8577778339385986
    },
    "pair_chains_iptm": {
        "0": {
            "0": 0.9618493914604187,
            "1": 0.4411262571811676
        },
        "1": {
            "0": 0.37138423323631287,
            "1": 0.8577778339385986
        }
    }
}