{
    "confidence_score": 0.7215248942375183,
    "ptm": 0.7467628717422485,
    "iptm": 0.28825390338897705,
    "ligand_iptm": 0.0,
    "protein_iptm": 0.28825390338897705,
    "complex_plddt": 0.8298426866531372,
    "complex_iplddt": 0.7855472564697266,
    "complex_pde": 0.684095561504364,
    "complex_ipde": 12.073945045471191,
    "chains_ptm": {
        "0": 0.9560973644256592,
        "1": 0.960149347782135
    },
    "pair_chains_iptm": {
        "0": {
            "0": 0.9560973644256592,
            "1": 0.2817097008228302
        },
        "1": {
            "0": 0.28825390338897705,
            "1": 0.960149347782135
        }
    }
}