{
    "confidence_score": 0.7084001898765564,
    "ptm": 0.788557231426239,
    "iptm": 0.49432212114334106,
    "ligand_iptm": 0.0,
    "protein_iptm": 0.49432212114334106,
    "complex_plddt": 0.7619197368621826,
    "complex_iplddt": 0.6938027739524841,
    "complex_pde": 0.795006513595581,
    "complex_ipde": 9.106609344482422,
    "chains_ptm": {
        "0": 0.9696241021156311,
        "1": 0.918822705745697
    },
    "pair_chains_iptm": {
        "0": {
            "0": 0.9696241021156311,
            "1": 0.49432212114334106
        },
        "1": {
            "0": 0.4525252878665924,
            "1": 0.918822705745697
        }
    }
}