{
    "confidence_score": 0.6931419372558594,
    "ptm": 0.7500489354133606,
    "iptm": 0.4003254771232605,
    "ligand_iptm": 0.0,
    "protein_iptm": 0.4003254771232605,
    "complex_plddt": 0.7663460373878479,
    "complex_iplddt": 0.7370088696479797,
    "complex_pde": 0.9922228455543518,
    "complex_ipde": 10.421948432922363,
    "chains_ptm": {
        "0": 0.9536599516868591,
        "1": 0.8944714069366455
    },
    "pair_chains_iptm": {
        "0": {
            "0": 0.9536599516868591,
            "1": 0.4003254771232605
        },
        "1": {
            "0": 0.36421263217926025,
            "1": 0.8944714069366455
        }
    }
}