{
    "confidence_score": 0.7798545360565186,
    "ptm": 0.820904552936554,
    "iptm": 0.5662263035774231,
    "ligand_iptm": 0.0,
    "protein_iptm": 0.5662263035774231,
    "complex_plddt": 0.8332616090774536,
    "complex_iplddt": 0.7700660228729248,
    "complex_pde": 0.6940782070159912,
    "complex_ipde": 8.913004875183105,
    "chains_ptm": {
        "0": 0.9615291357040405,
        "1": 0.9361131191253662
    },
    "pair_chains_iptm": {
        "0": {
            "0": 0.9615291357040405,
            "1": 0.5662263035774231
        },
        "1": {
            "0": 0.5316230058670044,
            "1": 0.9361131191253662
        }
    }
}