{
    "confidence_score": 0.7281064987182617,
    "ptm": 0.7123826742172241,
    "iptm": 0.312357634305954,
    "ligand_iptm": 0.0,
    "protein_iptm": 0.312357634305954,
    "complex_plddt": 0.8320437073707581,
    "complex_iplddt": 0.7927237153053284,
    "complex_pde": 0.894255518913269,
    "complex_ipde": 12.487723350524902,
    "chains_ptm": {
        "0": 0.9560950994491577,
        "1": 0.9034128189086914
    },
    "pair_chains_iptm": {
        "0": {
            "0": 0.9560950994491577,
            "1": 0.312357634305954
        },
        "1": {
            "0": 0.29515138268470764,
            "1": 0.9034128189086914
        }
    }
}