{
    "confidence_score": 0.7400232553482056,
    "ptm": 0.7526893615722656,
    "iptm": 0.3687639832496643,
    "ligand_iptm": 0.0,
    "protein_iptm": 0.3687639832496643,
    "complex_plddt": 0.8328380584716797,
    "complex_iplddt": 0.7997075319290161,
    "complex_pde": 0.7534063458442688,
    "complex_ipde": 10.554872512817383,
    "chains_ptm": {
        "0": 0.9520764946937561,
        "1": 0.9348984360694885
    },
    "pair_chains_iptm": {
        "0": {
            "0": 0.9520764946937561,
            "1": 0.3687639832496643
        },
        "1": {
            "0": 0.346605122089386,
            "1": 0.9348984360694885
        }
    }
}