{
    "confidence_score": 0.7211596369743347,
    "ptm": 0.6869593858718872,
    "iptm": 0.28087374567985535,
    "ligand_iptm": 0.0,
    "protein_iptm": 0.28087374567985535,
    "complex_plddt": 0.8312311172485352,
    "complex_iplddt": 0.7930706739425659,
    "complex_pde": 1.0428885221481323,
    "complex_ipde": 12.850098609924316,
    "chains_ptm": {
        "0": 0.9472168684005737,
        "1": 0.8737040758132935
    },
    "pair_chains_iptm": {
        "0": {
            "0": 0.9472168684005737,
            "1": 0.28087374567985535
        },
        "1": {
            "0": 0.2612318992614746,
            "1": 0.8737040758132935
        }
    }
}