{
    "confidence_score": 0.8171535730361938,
    "ptm": 0.7004886865615845,
    "iptm": 0.41531190276145935,
    "ligand_iptm": 0.0,
    "protein_iptm": 0.41531190276145935,
    "complex_plddt": 0.9176139831542969,
    "complex_iplddt": 0.8984760046005249,
    "complex_pde": 0.5853565335273743,
    "complex_ipde": 6.760794162750244,
    "chains_ptm": {
        "0": 0.9817870855331421,
        "1": 0.9876692295074463,
        "2": 0.9757150411605835
    },
    "pair_chains_iptm": {
        "0": {
            "0": 0.9817870855331421,
            "1": 0.9352803230285645,
            "2": 0.20748163759708405
        },
        "1": {
            "0": 0.9410954713821411,
            "1": 0.9876692295074463,
            "2": 0.2110912799835205
        },
        "2": {
            "0": 0.2564079463481903,
            "1": 0.26265960931777954,
            "2": 0.9757150411605835
        }
    }
}