{
    "confidence_score": 0.8288442492485046,
    "ptm": 0.8619184494018555,
    "iptm": 0.7544293999671936,
    "ligand_iptm": 0.0,
    "protein_iptm": 0.7544293999671936,
    "complex_plddt": 0.8474479913711548,
    "complex_iplddt": 0.8149939179420471,
    "complex_pde": 0.6943308115005493,
    "complex_ipde": 5.561825752258301,
    "chains_ptm": {
        "0": 0.9633371233940125,
        "1": 0.9130922555923462
    },
    "pair_chains_iptm": {
        "0": {
            "0": 0.9633371233940125,
            "1": 0.7544293999671936
        },
        "1": {
            "0": 0.708303689956665,
            "1": 0.9130922555923462
        }
    }
}