{
    "confidence_score": 0.6842169165611267,
    "ptm": 0.7328583598136902,
    "iptm": 0.2553063631057739,
    "ligand_iptm": 0.0,
    "protein_iptm": 0.2553063631057739,
    "complex_plddt": 0.7914445400238037,
    "complex_iplddt": 0.7814207673072815,
    "complex_pde": 0.8504325747489929,
    "complex_ipde": 12.957417488098145,
    "chains_ptm": {
        "0": 0.9588232040405273,
        "1": 0.9249705672264099
    },
    "pair_chains_iptm": {
        "0": {
            "0": 0.9588232040405273,
            "1": 0.2495756894350052
        },
        "1": {
            "0": 0.2553063631057739,
            "1": 0.9249705672264099
        }
    }
}