{
    "confidence_score": 0.7353975176811218,
    "ptm": 0.6970407366752625,
    "iptm": 0.341928094625473,
    "ligand_iptm": 0.0,
    "protein_iptm": 0.341928094625473,
    "complex_plddt": 0.833764910697937,
    "complex_iplddt": 0.7633369565010071,
    "complex_pde": 0.8742116689682007,
    "complex_ipde": 11.63855266571045,
    "chains_ptm": {
        "0": 0.9534717798233032,
        "1": 0.8835463523864746
    },
    "pair_chains_iptm": {
        "0": {
            "0": 0.9534717798233032,
            "1": 0.3281926214694977
        },
        "1": {
            "0": 0.341928094625473,
            "1": 0.8835463523864746
        }
    }
}