{
    "confidence_score": 0.6697327494621277,
    "ptm": 0.7108920812606812,
    "iptm": 0.2661718726158142,
    "ligand_iptm": 0.0,
    "protein_iptm": 0.2661718726158142,
    "complex_plddt": 0.770622968673706,
    "complex_iplddt": 0.7649431824684143,
    "complex_pde": 0.8733882308006287,
    "complex_ipde": 12.363276481628418,
    "chains_ptm": {
        "0": 0.960742712020874,
        "1": 0.8986948132514954
    },
    "pair_chains_iptm": {
        "0": {
            "0": 0.960742712020874,
            "1": 0.2661718726158142
        },
        "1": {
            "0": 0.2411459982395172,
            "1": 0.8986948132514954
        }
    }
}