{
    "confidence_score": 0.6983906626701355,
    "ptm": 0.7253281474113464,
    "iptm": 0.31760093569755554,
    "ligand_iptm": 0.0,
    "protein_iptm": 0.31760093569755554,
    "complex_plddt": 0.7935881018638611,
    "complex_iplddt": 0.8055915832519531,
    "complex_pde": 0.8852197527885437,
    "complex_ipde": 12.561460494995117,
    "chains_ptm": {
        "0": 0.9649114608764648,
        "1": 0.9039894938468933
    },
    "pair_chains_iptm": {
        "0": {
            "0": 0.9649114608764648,
            "1": 0.31760093569755554
        },
        "1": {
            "0": 0.2878236770629883,
            "1": 0.9039894938468933
        }
    }
}