{
    "confidence_score": 0.7169239521026611,
    "ptm": 0.6690120100975037,
    "iptm": 0.24831774830818176,
    "ligand_iptm": 0.0,
    "protein_iptm": 0.24831774830818176,
    "complex_plddt": 0.8340755105018616,
    "complex_iplddt": 0.8202372789382935,
    "complex_pde": 1.0574274063110352,
    "complex_ipde": 12.485442161560059,
    "chains_ptm": {
        "0": 0.9453466534614563,
        "1": 0.8732069134712219
    },
    "pair_chains_iptm": {
        "0": {
            "0": 0.9453466534614563,
            "1": 0.2363930195569992
        },
        "1": {
            "0": 0.24831774830818176,
            "1": 0.8732069134712219
        }
    }
}