{
    "confidence_score": 0.7551979422569275,
    "ptm": 0.718554675579071,
    "iptm": 0.4544428586959839,
    "ligand_iptm": 0.0,
    "protein_iptm": 0.4544428586959839,
    "complex_plddt": 0.8303866386413574,
    "complex_iplddt": 0.7830266952514648,
    "complex_pde": 1.0658936500549316,
    "complex_ipde": 11.230988502502441,
    "chains_ptm": {
        "0": 0.9553145170211792,
        "1": 0.8474334478378296
    },
    "pair_chains_iptm": {
        "0": {
            "0": 0.9553145170211792,
            "1": 0.4544428586959839
        },
        "1": {
            "0": 0.40960922837257385,
            "1": 0.8474334478378296
        }
    }
}