{
    "confidence_score": 0.7035865187644958,
    "ptm": 0.7648694515228271,
    "iptm": 0.36166515946388245,
    "ligand_iptm": 0.0,
    "protein_iptm": 0.36166515946388245,
    "complex_plddt": 0.7890668511390686,
    "complex_iplddt": 0.791961669921875,
    "complex_pde": 0.7900567650794983,
    "complex_ipde": 11.077884674072266,
    "chains_ptm": {
        "0": 0.9507433176040649,
        "1": 0.92938232421875
    },
    "pair_chains_iptm": {
        "0": {
            "0": 0.9507433176040649,
            "1": 0.36166515946388245
        },
        "1": {
            "0": 0.324758380651474,
            "1": 0.92938232421875
        }
    }
}