{
    "confidence_score": 0.7791002988815308,
    "ptm": 0.7997264862060547,
    "iptm": 0.5159360766410828,
    "ligand_iptm": 0.0,
    "protein_iptm": 0.5159360766410828,
    "complex_plddt": 0.8448913097381592,
    "complex_iplddt": 0.8245416879653931,
    "complex_pde": 0.6949684023857117,
    "complex_ipde": 9.585027694702148,
    "chains_ptm": {
        "0": 0.9589523673057556,
        "1": 0.9378796219825745
    },
    "pair_chains_iptm": {
        "0": {
            "0": 0.9589523673057556,
            "1": 0.5159360766410828
        },
        "1": {
            "0": 0.5023881793022156,
            "1": 0.9378796219825745
        }
    }
}