{
    "confidence_score": 0.6759880185127258,
    "ptm": 0.7268270254135132,
    "iptm": 0.2078293114900589,
    "ligand_iptm": 0.0,
    "protein_iptm": 0.2078293114900589,
    "complex_plddt": 0.7930276989936829,
    "complex_iplddt": 0.7882829308509827,
    "complex_pde": 0.7638757824897766,
    "complex_ipde": 13.184383392333984,
    "chains_ptm": {
        "0": 0.9586585760116577,
        "1": 0.9443339109420776
    },
    "pair_chains_iptm": {
        "0": {
            "0": 0.9586585760116577,
            "1": 0.20147210359573364
        },
        "1": {
            "0": 0.2078293114900589,
            "1": 0.9443339109420776
        }
    }
}