{
    "confidence_score": 0.6576332449913025,
    "ptm": 0.7253805994987488,
    "iptm": 0.2214973270893097,
    "ligand_iptm": 0.0,
    "protein_iptm": 0.2214973270893097,
    "complex_plddt": 0.7666672468185425,
    "complex_iplddt": 0.687481164932251,
    "complex_pde": 0.9534963369369507,
    "complex_ipde": 13.58457088470459,
    "chains_ptm": {
        "0": 0.9370417594909668,
        "1": 0.9391248226165771
    },
    "pair_chains_iptm": {
        "0": {
            "0": 0.9370417594909668,
            "1": 0.2214973270893097
        },
        "1": {
            "0": 0.21059514582157135,
            "1": 0.9391248226165771
        }
    }
}