{
    "confidence_score": 0.7879869341850281,
    "ptm": 0.7747202515602112,
    "iptm": 0.45183858275413513,
    "ligand_iptm": 0.0,
    "protein_iptm": 0.45183858275413513,
    "complex_plddt": 0.8720240592956543,
    "complex_iplddt": 0.8299531936645508,
    "complex_pde": 0.591031014919281,
    "complex_ipde": 8.32943344116211,
    "chains_ptm": {
        "0": 0.972114086151123,
        "1": 0.9764623045921326
    },
    "pair_chains_iptm": {
        "0": {
            "0": 0.972114086151123,
            "1": 0.45183858275413513
        },
        "1": {
            "0": 0.41119369864463806,
            "1": 0.9764623045921326
        }
    }
}