{
    "confidence_score": 0.6757311224937439,
    "ptm": 0.6698309183120728,
    "iptm": 0.26361310482025146,
    "ligand_iptm": 0.0,
    "protein_iptm": 0.26361310482025146,
    "complex_plddt": 0.778760552406311,
    "complex_iplddt": 0.7674450278282166,
    "complex_pde": 1.0818493366241455,
    "complex_ipde": 11.07541561126709,
    "chains_ptm": {
        "0": 0.9610732197761536,
        "1": 0.8479587435722351
    },
    "pair_chains_iptm": {
        "0": {
            "0": 0.9610732197761536,
            "1": 0.256542831659317
        },
        "1": {
            "0": 0.26361310482025146,
            "1": 0.8479587435722351
        }
    }
}