{
    "confidence_score": 0.8491309285163879,
    "ptm": 0.8786488771438599,
    "iptm": 0.7194309234619141,
    "ligand_iptm": 0.0,
    "protein_iptm": 0.7194309234619141,
    "complex_plddt": 0.8815559148788452,
    "complex_iplddt": 0.8341208100318909,
    "complex_pde": 0.4613611698150635,
    "complex_ipde": 4.452167987823486,
    "chains_ptm": {
        "0": 0.9709614515304565,
        "1": 0.976707398891449
    },
    "pair_chains_iptm": {
        "0": {
            "0": 0.9709614515304565,
            "1": 0.7194309234619141
        },
        "1": {
            "0": 0.6834370493888855,
            "1": 0.976707398891449
        }
    }
}