{
    "confidence_score": 0.7455584406852722,
    "ptm": 0.8288750052452087,
    "iptm": 0.6075200438499451,
    "ligand_iptm": 0.0,
    "protein_iptm": 0.6075200438499451,
    "complex_plddt": 0.780068039894104,
    "complex_iplddt": 0.7698291540145874,
    "complex_pde": 0.715837836265564,
    "complex_ipde": 7.464219093322754,
    "chains_ptm": {
        "0": 0.9626269340515137,
        "1": 0.9238902926445007
    },
    "pair_chains_iptm": {
        "0": {
            "0": 0.9626269340515137,
            "1": 0.6075200438499451
        },
        "1": {
            "0": 0.5235891938209534,
            "1": 0.9238902926445007
        }
    }
}