{
    "confidence_score": 0.6773264408111572,
    "ptm": 0.7105530500411987,
    "iptm": 0.3431987762451172,
    "ligand_iptm": 0.0,
    "protein_iptm": 0.3431987762451172,
    "complex_plddt": 0.7608583569526672,
    "complex_iplddt": 0.7497066259384155,
    "complex_pde": 1.0544956922531128,
    "complex_ipde": 11.256962776184082,
    "chains_ptm": {
        "0": 0.9487470984458923,
        "1": 0.8707616329193115
    },
    "pair_chains_iptm": {
        "0": {
            "0": 0.9487470984458923,
            "1": 0.3431987762451172
        },
        "1": {
            "0": 0.31486278772354126,
            "1": 0.8707616329193115
        }
    }
}