{
    "confidence_score": 0.7924010157585144,
    "ptm": 0.8200398087501526,
    "iptm": 0.6287150382995605,
    "ligand_iptm": 0.0,
    "protein_iptm": 0.6287150382995605,
    "complex_plddt": 0.8333225250244141,
    "complex_iplddt": 0.8255257606506348,
    "complex_pde": 0.7294376492500305,
    "complex_ipde": 7.219333648681641,
    "chains_ptm": {
        "0": 0.959844708442688,
        "1": 0.9107646346092224
    },
    "pair_chains_iptm": {
        "0": {
            "0": 0.959844708442688,
            "1": 0.6287150382995605
        },
        "1": {
            "0": 0.5969130396842957,
            "1": 0.9107646346092224
        }
    }
}