{
    "confidence_score": 0.7603773474693298,
    "ptm": 0.783932089805603,
    "iptm": 0.49629881978034973,
    "ligand_iptm": 0.0,
    "protein_iptm": 0.49629881978034973,
    "complex_plddt": 0.8263970017433167,
    "complex_iplddt": 0.7995806336402893,
    "complex_pde": 0.7753875255584717,
    "complex_ipde": 9.254199981689453,
    "chains_ptm": {
        "0": 0.9572471380233765,
        "1": 0.9203817248344421
    },
    "pair_chains_iptm": {
        "0": {
            "0": 0.9572471380233765,
            "1": 0.49629881978034973
        },
        "1": {
            "0": 0.4462319314479828,
            "1": 0.9203817248344421
        }
    }
}