{
    "confidence_score": 0.7374531626701355,
    "ptm": 0.7240311503410339,
    "iptm": 0.36239197850227356,
    "ligand_iptm": 0.0,
    "protein_iptm": 0.36239197850227356,
    "complex_plddt": 0.8312184810638428,
    "complex_iplddt": 0.7908225655555725,
    "complex_pde": 0.9268302321434021,
    "complex_ipde": 12.021002769470215,
    "chains_ptm": {
        "0": 0.9409566521644592,
        "1": 0.8981812000274658
    },
    "pair_chains_iptm": {
        "0": {
            "0": 0.9409566521644592,
            "1": 0.36239197850227356
        },
        "1": {
            "0": 0.3489612638950348,
            "1": 0.8981812000274658
        }
    }
}