{
    "confidence_score": 0.8000440001487732,
    "ptm": 0.8085601329803467,
    "iptm": 0.6762369871139526,
    "ligand_iptm": 0.0,
    "protein_iptm": 0.6762369871139526,
    "complex_plddt": 0.8309956789016724,
    "complex_iplddt": 0.7903850078582764,
    "complex_pde": 0.8529683351516724,
    "complex_ipde": 6.912203788757324,
    "chains_ptm": {
        "0": 0.95648592710495,
        "1": 0.8776096105575562
    },
    "pair_chains_iptm": {
        "0": {
            "0": 0.95648592710495,
            "1": 0.6762369871139526
        },
        "1": {
            "0": 0.6016833782196045,
            "1": 0.8776096105575562
        }
    }
}