{
    "confidence_score": 0.6853346824645996,
    "ptm": 0.693807065486908,
    "iptm": 0.2732973098754883,
    "ligand_iptm": 0.0,
    "protein_iptm": 0.2732973098754883,
    "complex_plddt": 0.7883440256118774,
    "complex_iplddt": 0.7820071578025818,
    "complex_pde": 1.0623764991760254,
    "complex_ipde": 12.789872169494629,
    "chains_ptm": {
        "0": 0.9537758827209473,
        "1": 0.8708038926124573
    },
    "pair_chains_iptm": {
        "0": {
            "0": 0.9537758827209473,
            "1": 0.2732973098754883
        },
        "1": {
            "0": 0.2569626569747925,
            "1": 0.8708038926124573
        }
    }
}