{
    "confidence_score": 0.7367945909500122,
    "ptm": 0.6984102725982666,
    "iptm": 0.34076860547065735,
    "ligand_iptm": 0.0,
    "protein_iptm": 0.34076860547065735,
    "complex_plddt": 0.8358010649681091,
    "complex_iplddt": 0.8142660856246948,
    "complex_pde": 1.0203921794891357,
    "complex_ipde": 12.750655174255371,
    "chains_ptm": {
        "0": 0.9503121376037598,
        "1": 0.8654351830482483
    },
    "pair_chains_iptm": {
        "0": {
            "0": 0.9503121376037598,
            "1": 0.34076860547065735
        },
        "1": {
            "0": 0.31092461943626404,
            "1": 0.8654351830482483
        }
    }
}