{
    "confidence_score": 0.7901944518089294,
    "ptm": 0.7859752774238586,
    "iptm": 0.535781979560852,
    "ligand_iptm": 0.0,
    "protein_iptm": 0.535781979560852,
    "complex_plddt": 0.8537974953651428,
    "complex_iplddt": 0.8203546404838562,
    "complex_pde": 0.7667660713195801,
    "complex_ipde": 9.538466453552246,
    "chains_ptm": {
        "0": 0.9612905979156494,
        "1": 0.9110323786735535
    },
    "pair_chains_iptm": {
        "0": {
            "0": 0.9612905979156494,
            "1": 0.535781979560852
        },
        "1": {
            "0": 0.4664243757724762,
            "1": 0.9110323786735535
        }
    }
}