{
    "confidence_score": 0.6534256935119629,
    "ptm": 0.6735888719558716,
    "iptm": 0.2655183672904968,
    "ligand_iptm": 0.0,
    "protein_iptm": 0.2655183672904968,
    "complex_plddt": 0.7504025101661682,
    "complex_iplddt": 0.73618084192276,
    "complex_pde": 1.2071000337600708,
    "complex_ipde": 11.67601490020752,
    "chains_ptm": {
        "0": 0.9535629153251648,
        "1": 0.8420830368995667
    },
    "pair_chains_iptm": {
        "0": {
            "0": 0.9535629153251648,
            "1": 0.2655183672904968
        },
        "1": {
            "0": 0.2578471601009369,
            "1": 0.8420830368995667
        }
    }
}