{
    "confidence_score": 0.7084576487541199,
    "ptm": 0.734000563621521,
    "iptm": 0.29512861371040344,
    "ligand_iptm": 0.0,
    "protein_iptm": 0.29512861371040344,
    "complex_plddt": 0.8117899298667908,
    "complex_iplddt": 0.738667368888855,
    "complex_pde": 0.8057743310928345,
    "complex_ipde": 11.715262413024902,
    "chains_ptm": {
        "0": 0.9429900646209717,
        "1": 0.9444379806518555
    },
    "pair_chains_iptm": {
        "0": {
            "0": 0.9429900646209717,
            "1": 0.28978288173675537
        },
        "1": {
            "0": 0.29512861371040344,
            "1": 0.9444379806518555
        }
    }
}