{
    "confidence_score": 0.663395881652832,
    "ptm": 0.6974433660507202,
    "iptm": 0.2393350750207901,
    "ligand_iptm": 0.0,
    "protein_iptm": 0.2393350750207901,
    "complex_plddt": 0.7694110870361328,
    "complex_iplddt": 0.7503034472465515,
    "complex_pde": 1.0279558897018433,
    "complex_ipde": 12.45020866394043,
    "chains_ptm": {
        "0": 0.9522407054901123,
        "1": 0.8876470327377319
    },
    "pair_chains_iptm": {
        "0": {
            "0": 0.9522407054901123,
            "1": 0.23850712180137634
        },
        "1": {
            "0": 0.2393350750207901,
            "1": 0.8876470327377319
        }
    }
}