{
    "confidence_score": 0.7269663214683533,
    "ptm": 0.7065501809120178,
    "iptm": 0.3117835521697998,
    "ligand_iptm": 0.0,
    "protein_iptm": 0.3117835521697998,
    "complex_plddt": 0.8307620286941528,
    "complex_iplddt": 0.7971980571746826,
    "complex_pde": 0.9394859671592712,
    "complex_ipde": 11.857697486877441,
    "chains_ptm": {
        "0": 0.9547131061553955,
        "1": 0.8863939642906189
    },
    "pair_chains_iptm": {
        "0": {
            "0": 0.9547131061553955,
            "1": 0.3117835521697998
        },
        "1": {
            "0": 0.29855766892433167,
            "1": 0.8863939642906189
        }
    }
}