{
    "confidence_score": 0.706798255443573,
    "ptm": 0.7053582668304443,
    "iptm": 0.434533953666687,
    "ligand_iptm": 0.0,
    "protein_iptm": 0.434533953666687,
    "complex_plddt": 0.7748643159866333,
    "complex_iplddt": 0.7750914096832275,
    "complex_pde": 1.1991997957229614,
    "complex_ipde": 10.013050079345703,
    "chains_ptm": {
        "0": 0.9473817348480225,
        "1": 0.8233144879341125
    },
    "pair_chains_iptm": {
        "0": {
            "0": 0.9473817348480225,
            "1": 0.434533953666687
        },
        "1": {
            "0": 0.3707020580768585,
            "1": 0.8233144879341125
        }
    }
}