{
    "confidence_score": 0.7343368530273438,
    "ptm": 0.7311327457427979,
    "iptm": 0.3661520183086395,
    "ligand_iptm": 0.0,
    "protein_iptm": 0.3661520183086395,
    "complex_plddt": 0.8263830542564392,
    "complex_iplddt": 0.8060614466667175,
    "complex_pde": 0.8341740965843201,
    "complex_ipde": 12.050909042358398,
    "chains_ptm": {
        "0": 0.9516737461090088,
        "1": 0.9008681178092957
    },
    "pair_chains_iptm": {
        "0": {
            "0": 0.9516737461090088,
            "1": 0.3661520183086395
        },
        "1": {
            "0": 0.33226001262664795,
            "1": 0.9008681178092957
        }
    }
}