{
    "confidence_score": 0.7248013615608215,
    "ptm": 0.8329575061798096,
    "iptm": 0.619543194770813,
    "ligand_iptm": 0.0,
    "protein_iptm": 0.619543194770813,
    "complex_plddt": 0.7511159181594849,
    "complex_iplddt": 0.7130019068717957,
    "complex_pde": 0.7398474216461182,
    "complex_ipde": 6.73570442199707,
    "chains_ptm": {
        "0": 0.9634243249893188,
        "1": 0.9238839149475098
    },
    "pair_chains_iptm": {
        "0": {
            "0": 0.9634243249893188,
            "1": 0.619543194770813
        },
        "1": {
            "0": 0.5659104585647583,
            "1": 0.9238839149475098
        }
    }
}