{
    "confidence_score": 0.6821824908256531,
    "ptm": 0.7187764644622803,
    "iptm": 0.28081849217414856,
    "ligand_iptm": 0.0,
    "protein_iptm": 0.28081849217414856,
    "complex_plddt": 0.782523512840271,
    "complex_iplddt": 0.7425083518028259,
    "complex_pde": 0.8666759729385376,
    "complex_ipde": 12.717793464660645,
    "chains_ptm": {
        "0": 0.9492324590682983,
        "1": 0.8985016942024231
    },
    "pair_chains_iptm": {
        "0": {
            "0": 0.9492324590682983,
            "1": 0.2783552408218384
        },
        "1": {
            "0": 0.28081849217414856,
            "1": 0.8985016942024231
        }
    }
}