{
    "confidence_score": 0.6677778363227844,
    "ptm": 0.6108309030532837,
    "iptm": 0.2057548463344574,
    "ligand_iptm": 0.0,
    "protein_iptm": 0.2057548463344574,
    "complex_plddt": 0.7832835912704468,
    "complex_iplddt": 0.7858763337135315,
    "complex_pde": 1.500065565109253,
    "complex_ipde": 13.98886489868164,
    "chains_ptm": {
        "0": 0.9452519416809082,
        "1": 0.7802696824073792
    },
    "pair_chains_iptm": {
        "0": {
            "0": 0.9452519416809082,
            "1": 0.2057548463344574
        },
        "1": {
            "0": 0.2011580765247345,
            "1": 0.7802696824073792
        }
    }
}