{
    "confidence_score": 0.7127246856689453,
    "ptm": 0.6840075850486755,
    "iptm": 0.24317790567874908,
    "ligand_iptm": 0.0,
    "protein_iptm": 0.24317790567874908,
    "complex_plddt": 0.8301113843917847,
    "complex_iplddt": 0.8101682066917419,
    "complex_pde": 0.906860888004303,
    "complex_ipde": 14.026887893676758,
    "chains_ptm": {
        "0": 0.9497708082199097,
        "1": 0.8925583958625793
    },
    "pair_chains_iptm": {
        "0": {
            "0": 0.9497708082199097,
            "1": 0.24317790567874908
        },
        "1": {
            "0": 0.23217570781707764,
            "1": 0.8925583958625793
        }
    }
}