{
    "confidence_score": 0.8138565421104431,
    "ptm": 0.6952555179595947,
    "iptm": 0.3803578317165375,
    "ligand_iptm": 0.0,
    "protein_iptm": 0.3803578317165375,
    "complex_plddt": 0.9222311973571777,
    "complex_iplddt": 0.8934056162834167,
    "complex_pde": 0.6398067474365234,
    "complex_ipde": 8.845198631286621,
    "chains_ptm": {
        "0": 0.9847738742828369,
        "1": 0.987587571144104,
        "2": 0.9782180786132812
    },
    "pair_chains_iptm": {
        "0": {
            "0": 0.9847738742828369,
            "1": 0.918189525604248,
            "2": 0.18046033382415771
        },
        "1": {
            "0": 0.9237820506095886,
            "1": 0.987587571144104,
            "2": 0.177104189991951
        },
        "2": {
            "0": 0.24149344861507416,
            "1": 0.23029766976833344,
            "2": 0.9782180786132812
        }
    }
}