{
    "confidence_score": 0.7712766528129578,
    "ptm": 0.7493208646774292,
    "iptm": 0.48671770095825195,
    "ligand_iptm": 0.0,
    "protein_iptm": 0.48671770095825195,
    "complex_plddt": 0.8424163460731506,
    "complex_iplddt": 0.7998310327529907,
    "complex_pde": 1.0047839879989624,
    "complex_ipde": 9.90003490447998,
    "chains_ptm": {
        "0": 0.9474274516105652,
        "1": 0.8696883320808411
    },
    "pair_chains_iptm": {
        "0": {
            "0": 0.9474274516105652,
            "1": 0.48671770095825195
        },
        "1": {
            "0": 0.4368901550769806,
            "1": 0.8696883320808411
        }
    }
}