{
    "confidence_score": 0.7906485795974731,
    "ptm": 0.789010763168335,
    "iptm": 0.5738489627838135,
    "ligand_iptm": 0.0,
    "protein_iptm": 0.5738489627838135,
    "complex_plddt": 0.8448484539985657,
    "complex_iplddt": 0.8135104775428772,
    "complex_pde": 0.8468708395957947,
    "complex_ipde": 8.862502098083496,
    "chains_ptm": {
        "0": 0.957831084728241,
        "1": 0.8864806890487671
    },
    "pair_chains_iptm": {
        "0": {
            "0": 0.957831084728241,
            "1": 0.5738489627838135
        },
        "1": {
            "0": 0.5071057081222534,
            "1": 0.8864806890487671
        }
    }
}