{
    "confidence_score": 0.6901958584785461,
    "ptm": 0.7409331202507019,
    "iptm": 0.34731537103652954,
    "ligand_iptm": 0.0,
    "protein_iptm": 0.34731537103652954,
    "complex_plddt": 0.7759159803390503,
    "complex_iplddt": 0.7418020963668823,
    "complex_pde": 0.8893603682518005,
    "complex_ipde": 11.360448837280273,
    "chains_ptm": {
        "0": 0.9669008255004883,
        "1": 0.9077728390693665
    },
    "pair_chains_iptm": {
        "0": {
            "0": 0.9669008255004883,
            "1": 0.33979201316833496
        },
        "1": {
            "0": 0.34731537103652954,
            "1": 0.9077728390693665
        }
    }
}