{
    "confidence_score": 0.6718368530273438,
    "ptm": 0.6196024417877197,
    "iptm": 0.2522728741168976,
    "ligand_iptm": 0.0,
    "protein_iptm": 0.2522728741168976,
    "complex_plddt": 0.7767278552055359,
    "complex_iplddt": 0.7257734537124634,
    "complex_pde": 1.5593291521072388,
    "complex_ipde": 13.480029106140137,
    "chains_ptm": {
        "0": 0.9402875304222107,
        "1": 0.7737356424331665
    },
    "pair_chains_iptm": {
        "0": {
            "0": 0.9402875304222107,
            "1": 0.2522728741168976
        },
        "1": {
            "0": 0.23479914665222168,
            "1": 0.7737356424331665
        }
    }
}