{
    "confidence_score": 0.6558584570884705,
    "ptm": 0.6860604286193848,
    "iptm": 0.19534538686275482,
    "ligand_iptm": 0.0,
    "protein_iptm": 0.19534538686275482,
    "complex_plddt": 0.7709867358207703,
    "complex_iplddt": 0.7396695017814636,
    "complex_pde": 0.980058491230011,
    "complex_ipde": 14.354609489440918,
    "chains_ptm": {
        "0": 0.9635527729988098,
        "1": 0.881987988948822
    },
    "pair_chains_iptm": {
        "0": {
            "0": 0.9635527729988098,
            "1": 0.19534538686275482
        },
        "1": {
            "0": 0.1939573585987091,
            "1": 0.881987988948822
        }
    }
}