{
    "confidence_score": 0.6616106033325195,
    "ptm": 0.706562340259552,
    "iptm": 0.20963414013385773,
    "ligand_iptm": 0.0,
    "protein_iptm": 0.20963414013385773,
    "complex_plddt": 0.7746047377586365,
    "complex_iplddt": 0.6567150354385376,
    "complex_pde": 0.9842655658721924,
    "complex_ipde": 14.886738777160645,
    "chains_ptm": {
        "0": 0.9462945461273193,
        "1": 0.9137997031211853
    },
    "pair_chains_iptm": {
        "0": {
            "0": 0.9462945461273193,
            "1": 0.20963414013385773
        },
        "1": {
            "0": 0.20058917999267578,
            "1": 0.9137997031211853
        }
    }
}