{
    "confidence_score": 0.7971517443656921,
    "ptm": 0.7741920351982117,
    "iptm": 0.4720751643180847,
    "ligand_iptm": 0.0,
    "protein_iptm": 0.4720751643180847,
    "complex_plddt": 0.8784208297729492,
    "complex_iplddt": 0.827855110168457,
    "complex_pde": 0.6550412774085999,
    "complex_ipde": 8.206128120422363,
    "chains_ptm": {
        "0": 0.962662398815155,
        "1": 0.9697151184082031
    },
    "pair_chains_iptm": {
        "0": {
            "0": 0.962662398815155,
            "1": 0.4596402049064636
        },
        "1": {
            "0": 0.4720751643180847,
            "1": 0.9697151184082031
        }
    }
}