{
    "confidence_score": 0.7029660940170288,
    "ptm": 0.6720857620239258,
    "iptm": 0.17913195490837097,
    "ligand_iptm": 0.0,
    "protein_iptm": 0.17913195490837097,
    "complex_plddt": 0.8339245915412903,
    "complex_iplddt": 0.810682475566864,
    "complex_pde": 0.9325998425483704,
    "complex_ipde": 14.548133850097656,
    "chains_ptm": {
        "0": 0.9615626335144043,
        "1": 0.8936267495155334
    },
    "pair_chains_iptm": {
        "0": {
            "0": 0.9615626335144043,
            "1": 0.17441894114017487
        },
        "1": {
            "0": 0.17913195490837097,
            "1": 0.8936267495155334
        }
    }
}