{
    "confidence_score": 0.7401725649833679,
    "ptm": 0.7323830723762512,
    "iptm": 0.3718929588794708,
    "ligand_iptm": 0.0,
    "protein_iptm": 0.3718929588794708,
    "complex_plddt": 0.8322424292564392,
    "complex_iplddt": 0.817352294921875,
    "complex_pde": 0.7767878770828247,
    "complex_ipde": 12.664539337158203,
    "chains_ptm": {
        "0": 0.9504250288009644,
        "1": 0.8972737789154053
    },
    "pair_chains_iptm": {
        "0": {
            "0": 0.9504250288009644,
            "1": 0.3718929588794708
        },
        "1": {
            "0": 0.35852235555648804,
            "1": 0.8972737789154053
        }
    }
}