{
    "confidence_score": 0.6658409237861633,
    "ptm": 0.7001673579216003,
    "iptm": 0.19233812391757965,
    "ligand_iptm": 0.0,
    "protein_iptm": 0.19233812391757965,
    "complex_plddt": 0.784216582775116,
    "complex_iplddt": 0.743706226348877,
    "complex_pde": 0.9355360269546509,
    "complex_ipde": 14.994705200195312,
    "chains_ptm": {
        "0": 0.9596292972564697,
        "1": 0.9084205031394958
    },
    "pair_chains_iptm": {
        "0": {
            "0": 0.9596292972564697,
            "1": 0.17740561068058014
        },
        "1": {
            "0": 0.19233812391757965,
            "1": 0.9084205031394958
        }
    }
}