{
    "confidence_score": 0.7132042646408081,
    "ptm": 0.7238532900810242,
    "iptm": 0.43755003809928894,
    "ligand_iptm": 0.0,
    "protein_iptm": 0.43755003809928894,
    "complex_plddt": 0.7821177840232849,
    "complex_iplddt": 0.7661752104759216,
    "complex_pde": 1.0116420984268188,
    "complex_ipde": 9.364473342895508,
    "chains_ptm": {
        "0": 0.9632008075714111,
        "1": 0.8470266461372375
    },
    "pair_chains_iptm": {
        "0": {
            "0": 0.9632008075714111,
            "1": 0.43755003809928894
        },
        "1": {
            "0": 0.37345319986343384,
            "1": 0.8470266461372375
        }
    }
}