{
    "confidence_score": 0.674903929233551,
    "ptm": 0.6735748648643494,
    "iptm": 0.31090718507766724,
    "ligand_iptm": 0.0,
    "protein_iptm": 0.31090718507766724,
    "complex_plddt": 0.765903115272522,
    "complex_iplddt": 0.6794794201850891,
    "complex_pde": 1.2501178979873657,
    "complex_ipde": 11.351725578308105,
    "chains_ptm": {
        "0": 0.9630044102668762,
        "1": 0.8241531252861023
    },
    "pair_chains_iptm": {
        "0": {
            "0": 0.9630044102668762,
            "1": 0.31090718507766724
        },
        "1": {
            "0": 0.29793399572372437,
            "1": 0.8241531252861023
        }
    }
}