{
    "confidence_score": 0.740437388420105,
    "ptm": 0.7520561814308167,
    "iptm": 0.341169148683548,
    "ligand_iptm": 0.0,
    "protein_iptm": 0.341169148683548,
    "complex_plddt": 0.8402544260025024,
    "complex_iplddt": 0.8106676340103149,
    "complex_pde": 0.7563174366950989,
    "complex_ipde": 12.897285461425781,
    "chains_ptm": {
        "0": 0.9588745832443237,
        "1": 0.9421156048774719
    },
    "pair_chains_iptm": {
        "0": {
            "0": 0.9588745832443237,
            "1": 0.341169148683548
        },
        "1": {
            "0": 0.3339430093765259,
            "1": 0.9421156048774719
        }
    }
}