{
    "confidence_score": 0.7094556093215942,
    "ptm": 0.7546526789665222,
    "iptm": 0.3840225338935852,
    "ligand_iptm": 0.0,
    "protein_iptm": 0.3840225338935852,
    "complex_plddt": 0.7908138632774353,
    "complex_iplddt": 0.7902339100837708,
    "complex_pde": 0.7721006870269775,
    "complex_ipde": 11.375089645385742,
    "chains_ptm": {
        "0": 0.9596076607704163,
        "1": 0.9129259586334229
    },
    "pair_chains_iptm": {
        "0": {
            "0": 0.9596076607704163,
            "1": 0.3840225338935852
        },
        "1": {
            "0": 0.3307318091392517,
            "1": 0.9129259586334229
        }
    }
}