{
    "confidence_score": 0.7187008857727051,
    "ptm": 0.7016280889511108,
    "iptm": 0.4578971266746521,
    "ligand_iptm": 0.0,
    "protein_iptm": 0.4578971266746521,
    "complex_plddt": 0.7839018106460571,
    "complex_iplddt": 0.7790746688842773,
    "complex_pde": 1.270499348640442,
    "complex_ipde": 10.33011245727539,
    "chains_ptm": {
        "0": 0.9582810401916504,
        "1": 0.8136941194534302
    },
    "pair_chains_iptm": {
        "0": {
            "0": 0.9582810401916504,
            "1": 0.4578971266746521
        },
        "1": {
            "0": 0.3882765471935272,
            "1": 0.8136941194534302
        }
    }
}