{
    "confidence_score": 0.7497644424438477,
    "ptm": 0.7407066226005554,
    "iptm": 0.4188074767589569,
    "ligand_iptm": 0.0,
    "protein_iptm": 0.4188074767589569,
    "complex_plddt": 0.8325036764144897,
    "complex_iplddt": 0.8292432427406311,
    "complex_pde": 0.845328152179718,
    "complex_ipde": 10.785566329956055,
    "chains_ptm": {
        "0": 0.9551693201065063,
        "1": 0.8943920135498047
    },
    "pair_chains_iptm": {
        "0": {
            "0": 0.9551693201065063,
            "1": 0.4188074767589569
        },
        "1": {
            "0": 0.38038694858551025,
            "1": 0.8943920135498047
        }
    }
}