{
    "confidence_score": 0.7893763780593872,
    "ptm": 0.8394206762313843,
    "iptm": 0.6642483472824097,
    "ligand_iptm": 0.0,
    "protein_iptm": 0.6642483472824097,
    "complex_plddt": 0.8206583261489868,
    "complex_iplddt": 0.8106806874275208,
    "complex_pde": 0.6974807977676392,
    "complex_ipde": 7.001796245574951,
    "chains_ptm": {
        "0": 0.9583557844161987,
        "1": 0.920215368270874
    },
    "pair_chains_iptm": {
        "0": {
            "0": 0.9583557844161987,
            "1": 0.6642483472824097
        },
        "1": {
            "0": 0.6101422905921936,
            "1": 0.920215368270874
        }
    }
}