{
    "confidence_score": 0.7397975921630859,
    "ptm": 0.7007920742034912,
    "iptm": 0.3279556632041931,
    "ligand_iptm": 0.0,
    "protein_iptm": 0.3279556632041931,
    "complex_plddt": 0.842758059501648,
    "complex_iplddt": 0.8037675023078918,
    "complex_pde": 0.9729705452919006,
    "complex_ipde": 11.166361808776855,
    "chains_ptm": {
        "0": 0.9459231495857239,
        "1": 0.8794958591461182
    },
    "pair_chains_iptm": {
        "0": {
            "0": 0.9459231495857239,
            "1": 0.3279556632041931
        },
        "1": {
            "0": 0.3090912103652954,
            "1": 0.8794958591461182
        }
    }
}