{
    "confidence_score": 0.8831788897514343,
    "ptm": 0.9133280515670776,
    "iptm": 0.8175650835037231,
    "ligand_iptm": 0.0,
    "protein_iptm": 0.8175650835037231,
    "complex_plddt": 0.8995823264122009,
    "complex_iplddt": 0.856862485408783,
    "complex_pde": 0.3957829177379608,
    "complex_ipde": 1.9722415208816528,
    "chains_ptm": {
        "0": 0.9900722503662109,
        "1": 0.990028440952301,
        "2": 0.9794127941131592
    },
    "pair_chains_iptm": {
        "0": {
            "0": 0.9900722503662109,
            "1": 0.9641408920288086,
            "2": 0.8276791572570801
        },
        "1": {
            "0": 0.9662263989448547,
            "1": 0.990028440952301,
            "2": 0.7695775628089905
        },
        "2": {
            "0": 0.7799004316329956,
            "1": 0.7324938178062439,
            "2": 0.9794127941131592
        }
    }
}