{
    "confidence_score": 0.7781160473823547,
    "ptm": 0.8830400109291077,
    "iptm": 0.7468677759170532,
    "ligand_iptm": 0.0,
    "protein_iptm": 0.7468677759170532,
    "complex_plddt": 0.7859280705451965,
    "complex_iplddt": 0.7087580561637878,
    "complex_pde": 0.5255578756332397,
    "complex_ipde": 4.626384258270264,
    "chains_ptm": {
        "0": 0.9704410433769226,
        "1": 0.9493840932846069
    },
    "pair_chains_iptm": {
        "0": {
            "0": 0.9704410433769226,
            "1": 0.7468677759170532
        },
        "1": {
            "0": 0.6867204308509827,
            "1": 0.9493840932846069
        }
    }
}