{
    "confidence_score": 0.796334445476532,
    "ptm": 0.9227307438850403,
    "iptm": 0.8306123614311218,
    "ligand_iptm": 0.0,
    "protein_iptm": 0.8306123614311218,
    "complex_plddt": 0.7877649664878845,
    "complex_iplddt": 0.7750275731086731,
    "complex_pde": 0.48493796586990356,
    "complex_ipde": 3.607459783554077,
    "chains_ptm": {
        "0": 0.9635385274887085,
        "1": 0.9646474719047546
    },
    "pair_chains_iptm": {
        "0": {
            "0": 0.9635385274887085,
            "1": 0.8306123614311218
        },
        "1": {
            "0": 0.7894337177276611,
            "1": 0.9646474719047546
        }
    }
}