{
    "confidence_score": 0.7493952512741089,
    "ptm": 0.7404620051383972,
    "iptm": 0.486396461725235,
    "ligand_iptm": 0.0,
    "protein_iptm": 0.486396461725235,
    "complex_plddt": 0.8151448965072632,
    "complex_iplddt": 0.8133650422096252,
    "complex_pde": 0.9877389073371887,
    "complex_ipde": 10.18674373626709,
    "chains_ptm": {
        "0": 0.9597798585891724,
        "1": 0.8562372922897339
    },
    "pair_chains_iptm": {
        "0": {
            "0": 0.9597798585891724,
            "1": 0.486396461725235
        },
        "1": {
            "0": 0.44429537653923035,
            "1": 0.8562372922897339
        }
    }
}