{
    "confidence_score": 0.679867684841156,
    "ptm": 0.7339560985565186,
    "iptm": 0.25030118227005005,
    "ligand_iptm": 0.0,
    "protein_iptm": 0.25030118227005005,
    "complex_plddt": 0.7872592806816101,
    "complex_iplddt": 0.7857200503349304,
    "complex_pde": 0.819039523601532,
    "complex_ipde": 13.605833053588867,
    "chains_ptm": {
        "0": 0.958265483379364,
        "1": 0.9339044094085693
    },
    "pair_chains_iptm": {
        "0": {
            "0": 0.958265483379364,
            "1": 0.24883006513118744
        },
        "1": {
            "0": 0.25030118227005005,
            "1": 0.9339044094085693
        }
    }
}