{
    "confidence_score": 0.7157250046730042,
    "ptm": 0.7280685305595398,
    "iptm": 0.3020739257335663,
    "ligand_iptm": 0.0,
    "protein_iptm": 0.3020739257335663,
    "complex_plddt": 0.8191377520561218,
    "complex_iplddt": 0.7716341614723206,
    "complex_pde": 0.7954424023628235,
    "complex_ipde": 12.650205612182617,
    "chains_ptm": {
        "0": 0.9511643648147583,
        "1": 0.9315193295478821
    },
    "pair_chains_iptm": {
        "0": {
            "0": 0.9511643648147583,
            "1": 0.3020739257335663
        },
        "1": {
            "0": 0.2636440098285675,
            "1": 0.9315193295478821
        }
    }
}