{
    "confidence_score": 0.6638013124465942,
    "ptm": 0.6555799245834351,
    "iptm": 0.24289824068546295,
    "ligand_iptm": 0.0,
    "protein_iptm": 0.24289824068546295,
    "complex_plddt": 0.769027054309845,
    "complex_iplddt": 0.7361591458320618,
    "complex_pde": 1.1002511978149414,
    "complex_ipde": 13.912787437438965,
    "chains_ptm": {
        "0": 0.9546427726745605,
        "1": 0.8229556679725647
    },
    "pair_chains_iptm": {
        "0": {
            "0": 0.9546427726745605,
            "1": 0.24289824068546295
        },
        "1": {
            "0": 0.23497186601161957,
            "1": 0.8229556679725647
        }
    }
}