{
    "confidence_score": 0.7035582661628723,
    "ptm": 0.7107704877853394,
    "iptm": 0.3863849639892578,
    "ligand_iptm": 0.0,
    "protein_iptm": 0.3863849639892578,
    "complex_plddt": 0.7828515768051147,
    "complex_iplddt": 0.7622921466827393,
    "complex_pde": 1.1338919401168823,
    "complex_ipde": 10.352612495422363,
    "chains_ptm": {
        "0": 0.9504494667053223,
        "1": 0.8433266878128052
    },
    "pair_chains_iptm": {
        "0": {
            "0": 0.9504494667053223,
            "1": 0.3863849639892578
        },
        "1": {
            "0": 0.33288514614105225,
            "1": 0.8433266878128052
        }
    }
}