{
    "confidence_score": 0.7847787141799927,
    "ptm": 0.7293800115585327,
    "iptm": 0.33264464139938354,
    "ligand_iptm": 0.0,
    "protein_iptm": 0.33264464139938354,
    "complex_plddt": 0.8978121876716614,
    "complex_iplddt": 0.873329758644104,
    "complex_pde": 0.6202568411827087,
    "complex_ipde": 10.403351783752441,
    "chains_ptm": {
        "0": 0.9485154747962952,
        "1": 0.9756494760513306
    },
    "pair_chains_iptm": {
        "0": {
            "0": 0.9485154747962952,
            "1": 0.3258785605430603
        },
        "1": {
            "0": 0.33264464139938354,
            "1": 0.9756494760513306
        }
    }
}