{
    "confidence_score": 0.762462854385376,
    "ptm": 0.7398262619972229,
    "iptm": 0.3837428390979767,
    "ligand_iptm": 0.0,
    "protein_iptm": 0.3837428390979767,
    "complex_plddt": 0.8571428656578064,
    "complex_iplddt": 0.8190740942955017,
    "complex_pde": 0.8169443607330322,
    "complex_ipde": 11.140664100646973,
    "chains_ptm": {
        "0": 0.9582522511482239,
        "1": 0.9026647210121155
    },
    "pair_chains_iptm": {
        "0": {
            "0": 0.9582522511482239,
            "1": 0.3837428390979767
        },
        "1": {
            "0": 0.34313100576400757,
            "1": 0.9026647210121155
        }
    }
}