{
    "confidence_score": 0.7020663619041443,
    "ptm": 0.6755341291427612,
    "iptm": 0.19825081527233124,
    "ligand_iptm": 0.0,
    "protein_iptm": 0.19825081527233124,
    "complex_plddt": 0.8280202150344849,
    "complex_iplddt": 0.8087812662124634,
    "complex_pde": 0.8902648091316223,
    "complex_ipde": 14.113053321838379,
    "chains_ptm": {
        "0": 0.9564921855926514,
        "1": 0.8987576961517334
    },
    "pair_chains_iptm": {
        "0": {
            "0": 0.9564921855926514,
            "1": 0.18765665590763092
        },
        "1": {
            "0": 0.19825081527233124,
            "1": 0.8987576961517334
        }
    }
}