{
    "confidence_score": 0.8266971707344055,
    "ptm": 0.8589795827865601,
    "iptm": 0.7575275301933289,
    "ligand_iptm": 0.0,
    "protein_iptm": 0.7575275301933289,
    "complex_plddt": 0.8439895510673523,
    "complex_iplddt": 0.8137037754058838,
    "complex_pde": 0.7143824696540833,
    "complex_ipde": 5.997483730316162,
    "chains_ptm": {
        "0": 0.9581519365310669,
        "1": 0.9053194522857666
    },
    "pair_chains_iptm": {
        "0": {
            "0": 0.9581519365310669,
            "1": 0.7575275301933289
        },
        "1": {
            "0": 0.6935856342315674,
            "1": 0.9053194522857666
        }
    }
}