{
    "confidence_score": 0.7992273569107056,
    "ptm": 0.8941233158111572,
    "iptm": 0.8137902617454529,
    "ligand_iptm": 0.0,
    "protein_iptm": 0.8137902617454529,
    "complex_plddt": 0.7955865859985352,
    "complex_iplddt": 0.7816986441612244,
    "complex_pde": 0.6063540577888489,
    "complex_ipde": 2.5384867191314697,
    "chains_ptm": {
        "0": 0.9709036946296692,
        "1": 0.9302071928977966
    },
    "pair_chains_iptm": {
        "0": {
            "0": 0.9709036946296692,
            "1": 0.8137902617454529
        },
        "1": {
            "0": 0.8132400512695312,
            "1": 0.9302071928977966
        }
    }
}