{
    "confidence_score": 0.7570581436157227,
    "ptm": 0.6935071349143982,
    "iptm": 0.23266290128231049,
    "ligand_iptm": 0.0,
    "protein_iptm": 0.23266290128231049,
    "complex_plddt": 0.8881569504737854,
    "complex_iplddt": 0.8377742171287537,
    "complex_pde": 0.6232694387435913,
    "complex_ipde": 10.400928497314453,
    "chains_ptm": {
        "0": 0.955032229423523,
        "1": 0.978993833065033
    },
    "pair_chains_iptm": {
        "0": {
            "0": 0.955032229423523,
            "1": 0.2210955172777176
        },
        "1": {
            "0": 0.23266290128231049,
            "1": 0.978993833065033
        }
    }
}