{
    "confidence_score": 0.7089647650718689,
    "ptm": 0.6551028490066528,
    "iptm": 0.19372016191482544,
    "ligand_iptm": 0.0,
    "protein_iptm": 0.19372016191482544,
    "complex_plddt": 0.8377758860588074,
    "complex_iplddt": 0.8078370094299316,
    "complex_pde": 1.0690248012542725,
    "complex_ipde": 14.008727073669434,
    "chains_ptm": {
        "0": 0.9510099291801453,
        "1": 0.8787708282470703
    },
    "pair_chains_iptm": {
        "0": {
            "0": 0.9510099291801453,
            "1": 0.17475362122058868
        },
        "1": {
            "0": 0.19372016191482544,
            "1": 0.8787708282470703
        }
    }
}