{
    "confidence_score": 0.7156875729560852,
    "ptm": 0.6613218188285828,
    "iptm": 0.2007695585489273,
    "ligand_iptm": 0.0,
    "protein_iptm": 0.2007695585489273,
    "complex_plddt": 0.8444170355796814,
    "complex_iplddt": 0.8378905653953552,
    "complex_pde": 1.0432952642440796,
    "complex_ipde": 13.815277099609375,
    "chains_ptm": {
        "0": 0.9551820755004883,
        "1": 0.8715521693229675
    },
    "pair_chains_iptm": {
        "0": {
            "0": 0.9551820755004883,
            "1": 0.1980813890695572
        },
        "1": {
            "0": 0.2007695585489273,
            "1": 0.8715521693229675
        }
    }
}