{
    "confidence_score": 0.8797006011009216,
    "ptm": 0.8974644541740417,
    "iptm": 0.7519063949584961,
    "ligand_iptm": 0.0,
    "protein_iptm": 0.7519063949584961,
    "complex_plddt": 0.9116491079330444,
    "complex_iplddt": 0.8887366652488708,
    "complex_pde": 0.43589696288108826,
    "complex_ipde": 2.8957364559173584,
    "chains_ptm": {
        "0": 0.9908608198165894,
        "1": 0.9799121618270874,
        "2": 0.9787604212760925
    },
    "pair_chains_iptm": {
        "0": {
            "0": 0.9908608198165894,
            "1": 0.954586923122406,
            "2": 0.7588746547698975
        },
        "1": {
            "0": 0.9438726902008057,
            "1": 0.9799121618270874,
            "2": 0.7430427670478821
        },
        "2": {
            "0": 0.7077640891075134,
            "1": 0.6887865662574768,
            "2": 0.9787604212760925
        }
    }
}