{
    "confidence_score": 0.6915327906608582,
    "ptm": 0.7393650412559509,
    "iptm": 0.33290261030197144,
    "ligand_iptm": 0.0,
    "protein_iptm": 0.33290261030197144,
    "complex_plddt": 0.7811902761459351,
    "complex_iplddt": 0.7864854335784912,
    "complex_pde": 0.8434685468673706,
    "complex_ipde": 11.476879119873047,
    "chains_ptm": {
        "0": 0.9450010061264038,
        "1": 0.9077839851379395
    },
    "pair_chains_iptm": {
        "0": {
            "0": 0.9450010061264038,
            "1": 0.33290261030197144
        },
        "1": {
            "0": 0.29473432898521423,
            "1": 0.9077839851379395
        }
    }
}