{
    "confidence_score": 0.6542326807975769,
    "ptm": 0.6831061840057373,
    "iptm": 0.19954311847686768,
    "ligand_iptm": 0.0,
    "protein_iptm": 0.19954311847686768,
    "complex_plddt": 0.767905056476593,
    "complex_iplddt": 0.7052355408668518,
    "complex_pde": 0.9900791049003601,
    "complex_ipde": 14.38222599029541,
    "chains_ptm": {
        "0": 0.9514299631118774,
        "1": 0.8875353336334229
    },
    "pair_chains_iptm": {
        "0": {
            "0": 0.9514299631118774,
            "1": 0.195382758975029
        },
        "1": {
            "0": 0.19954311847686768,
            "1": 0.8875353336334229
        }
    }
}