{
    "confidence_score": 0.7201167941093445,
    "ptm": 0.7124448418617249,
    "iptm": 0.2823214828968048,
    "ligand_iptm": 0.0,
    "protein_iptm": 0.2823214828968048,
    "complex_plddt": 0.8295655846595764,
    "complex_iplddt": 0.8027263879776001,
    "complex_pde": 0.8540613651275635,
    "complex_ipde": 12.905752182006836,
    "chains_ptm": {
        "0": 0.9585617780685425,
        "1": 0.9177756905555725
    },
    "pair_chains_iptm": {
        "0": {
            "0": 0.9585617780685425,
            "1": 0.2823214828968048
        },
        "1": {
            "0": 0.2765899896621704,
            "1": 0.9177756905555725
        }
    }
}