{
    "confidence_score": 0.7219053506851196,
    "ptm": 0.6865278482437134,
    "iptm": 0.23305879533290863,
    "ligand_iptm": 0.0,
    "protein_iptm": 0.23305879533290863,
    "complex_plddt": 0.8441169857978821,
    "complex_iplddt": 0.8134917616844177,
    "complex_pde": 0.870351254940033,
    "complex_ipde": 13.59677791595459,
    "chains_ptm": {
        "0": 0.9453957676887512,
        "1": 0.9020828604698181
    },
    "pair_chains_iptm": {
        "0": {
            "0": 0.9453957676887512,
            "1": 0.23305879533290863
        },
        "1": {
            "0": 0.2198665738105774,
            "1": 0.9020828604698181
        }
    }
}