{
    "confidence_score": 0.6600880026817322,
    "ptm": 0.6920614838600159,
    "iptm": 0.1954965889453888,
    "ligand_iptm": 0.0,
    "protein_iptm": 0.1954965889453888,
    "complex_plddt": 0.7762358784675598,
    "complex_iplddt": 0.7773587703704834,
    "complex_pde": 0.967241108417511,
    "complex_ipde": 13.77265739440918,
    "chains_ptm": {
        "0": 0.9571214914321899,
        "1": 0.9001803398132324
    },
    "pair_chains_iptm": {
        "0": {
            "0": 0.9571214914321899,
            "1": 0.18732850253582
        },
        "1": {
            "0": 0.1954965889453888,
            "1": 0.9001803398132324
        }
    }
}