{
    "confidence_score": 0.667334794998169,
    "ptm": 0.7141886949539185,
    "iptm": 0.21368266642093658,
    "ligand_iptm": 0.0,
    "protein_iptm": 0.21368266642093658,
    "complex_plddt": 0.7807478308677673,
    "complex_iplddt": 0.7710313200950623,
    "complex_pde": 0.8492490649223328,
    "complex_ipde": 13.425444602966309,
    "chains_ptm": {
        "0": 0.9640309810638428,
        "1": 0.9131579399108887
    },
    "pair_chains_iptm": {
        "0": {
            "0": 0.9640309810638428,
            "1": 0.21350374817848206
        },
        "1": {
            "0": 0.21368266642093658,
            "1": 0.9131579399108887
        }
    }
}