{
    "confidence_score": 0.6699288487434387,
    "ptm": 0.655463695526123,
    "iptm": 0.24334368109703064,
    "ligand_iptm": 0.0,
    "protein_iptm": 0.24334368109703064,
    "complex_plddt": 0.7765751481056213,
    "complex_iplddt": 0.6905454993247986,
    "complex_pde": 1.2249183654785156,
    "complex_ipde": 12.638955116271973,
    "chains_ptm": {
        "0": 0.9541688561439514,
        "1": 0.8283639550209045
    },
    "pair_chains_iptm": {
        "0": {
            "0": 0.9541688561439514,
            "1": 0.24334368109703064
        },
        "1": {
            "0": 0.2401408702135086,
            "1": 0.8283639550209045
        }
    }
}