{
    "confidence_score": 0.8356098532676697,
    "ptm": 0.859578549861908,
    "iptm": 0.8405221104621887,
    "ligand_iptm": 0.0,
    "protein_iptm": 0.8405221104621887,
    "complex_plddt": 0.8343816995620728,
    "complex_iplddt": 0.7916756272315979,
    "complex_pde": 0.7401560544967651,
    "complex_ipde": 3.568449020385742,
    "chains_ptm": {
        "0": 0.9673458337783813,
        "1": 0.8739280104637146
    },
    "pair_chains_iptm": {
        "0": {
            "0": 0.9673458337783813,
            "1": 0.8405221104621887
        },
        "1": {
            "0": 0.7586837410926819,
            "1": 0.8739280104637146
        }
    }
}