{
    "confidence_score": 0.702292263507843,
    "ptm": 0.6897715926170349,
    "iptm": 0.407457560300827,
    "ligand_iptm": 0.0,
    "protein_iptm": 0.407457560300827,
    "complex_plddt": 0.7760009169578552,
    "complex_iplddt": 0.7282353043556213,
    "complex_pde": 1.3358256816864014,
    "complex_ipde": 10.612761497497559,
    "chains_ptm": {
        "0": 0.9584079384803772,
        "1": 0.808184027671814
    },
    "pair_chains_iptm": {
        "0": {
            "0": 0.9584079384803772,
            "1": 0.407457560300827
        },
        "1": {
            "0": 0.31565061211586,
            "1": 0.808184027671814
        }
    }
}