{
    "confidence_score": 0.8792098164558411,
    "ptm": 0.9235575795173645,
    "iptm": 0.8532301187515259,
    "ligand_iptm": 0.0,
    "protein_iptm": 0.8532301187515259,
    "complex_plddt": 0.885704755783081,
    "complex_iplddt": 0.810427188873291,
    "complex_pde": 0.39885401725769043,
    "complex_ipde": 2.269242286682129,
    "chains_ptm": {
        "0": 0.9745789170265198,
        "1": 0.9759625196456909
    },
    "pair_chains_iptm": {
        "0": {
            "0": 0.9745789170265198,
            "1": 0.8532301187515259
        },
        "1": {
            "0": 0.8277890086174011,
            "1": 0.9759625196456909
        }
    }
}