{
    "confidence_score": 0.7165564298629761,
    "ptm": 0.7047204375267029,
    "iptm": 0.19515937566757202,
    "ligand_iptm": 0.0,
    "protein_iptm": 0.19515937566757202,
    "complex_plddt": 0.8469056487083435,
    "complex_iplddt": 0.8049604892730713,
    "complex_pde": 0.7873138785362244,
    "complex_ipde": 14.509835243225098,
    "chains_ptm": {
        "0": 0.9576870203018188,
        "1": 0.9424221515655518
    },
    "pair_chains_iptm": {
        "0": {
            "0": 0.9576870203018188,
            "1": 0.18681582808494568
        },
        "1": {
            "0": 0.19515937566757202,
            "1": 0.9424221515655518
        }
    }
}