{
    "confidence_score": 0.7369169592857361,
    "ptm": 0.7131714820861816,
    "iptm": 0.26376834511756897,
    "ligand_iptm": 0.0,
    "protein_iptm": 0.26376834511756897,
    "complex_plddt": 0.8552041053771973,
    "complex_iplddt": 0.8148928880691528,
    "complex_pde": 0.846814751625061,
    "complex_ipde": 12.734038352966309,
    "chains_ptm": {
        "0": 0.9454103708267212,
        "1": 0.9332142472267151
    },
    "pair_chains_iptm": {
        "0": {
            "0": 0.9454103708267212,
            "1": 0.25620973110198975
        },
        "1": {
            "0": 0.26376834511756897,
            "1": 0.9332142472267151
        }
    }
}