{
    "confidence_score": 0.7450951933860779,
    "ptm": 0.7256234288215637,
    "iptm": 0.31636154651641846,
    "ligand_iptm": 0.0,
    "protein_iptm": 0.31636154651641846,
    "complex_plddt": 0.8522785305976868,
    "complex_iplddt": 0.8121033906936646,
    "complex_pde": 0.843810498714447,
    "complex_ipde": 12.971504211425781,
    "chains_ptm": {
        "0": 0.9516611099243164,
        "1": 0.9186859130859375
    },
    "pair_chains_iptm": {
        "0": {
            "0": 0.9516611099243164,
            "1": 0.31636154651641846
        },
        "1": {
            "0": 0.29525086283683777,
            "1": 0.9186859130859375
        }
    }
}