{
    "confidence_score": 0.6793172955513,
    "ptm": 0.6805318593978882,
    "iptm": 0.2791523337364197,
    "ligand_iptm": 0.0,
    "protein_iptm": 0.2791523337364197,
    "complex_plddt": 0.7793585062026978,
    "complex_iplddt": 0.7475769519805908,
    "complex_pde": 1.0863040685653687,
    "complex_ipde": 13.150208473205566,
    "chains_ptm": {
        "0": 0.9657396674156189,
        "1": 0.8433560132980347
    },
    "pair_chains_iptm": {
        "0": {
            "0": 0.9657396674156189,
            "1": 0.2791523337364197
        },
        "1": {
            "0": 0.2545114755630493,
            "1": 0.8433560132980347
        }
    }
}