{
    "confidence_score": 0.819297730922699,
    "ptm": 0.8392871618270874,
    "iptm": 0.7596077919006348,
    "ligand_iptm": 0.0,
    "protein_iptm": 0.7596077919006348,
    "complex_plddt": 0.8342201709747314,
    "complex_iplddt": 0.8194693922996521,
    "complex_pde": 0.7362694144248962,
    "complex_ipde": 5.324094295501709,
    "chains_ptm": {
        "0": 0.9602633118629456,
        "1": 0.8823227286338806
    },
    "pair_chains_iptm": {
        "0": {
            "0": 0.9602633118629456,
            "1": 0.7596077919006348
        },
        "1": {
            "0": 0.6803104877471924,
            "1": 0.8823227286338806
        }
    }
}