{
    "confidence_score": 0.750497043132782,
    "ptm": 0.8421100378036499,
    "iptm": 0.6708840727806091,
    "ligand_iptm": 0.0,
    "protein_iptm": 0.6708840727806091,
    "complex_plddt": 0.7704002261161804,
    "complex_iplddt": 0.7189032435417175,
    "complex_pde": 0.7138203978538513,
    "complex_ipde": 5.968437671661377,
    "chains_ptm": {
        "0": 0.9640603065490723,
        "1": 0.9171984195709229
    },
    "pair_chains_iptm": {
        "0": {
            "0": 0.9640603065490723,
            "1": 0.6708840727806091
        },
        "1": {
            "0": 0.6169404983520508,
            "1": 0.9171984195709229
        }
    }
}