{
    "confidence_score": 0.7014932036399841,
    "ptm": 0.693383514881134,
    "iptm": 0.44965946674346924,
    "ligand_iptm": 0.0,
    "protein_iptm": 0.44965946674346924,
    "complex_plddt": 0.7644515633583069,
    "complex_iplddt": 0.6766248345375061,
    "complex_pde": 1.1642844676971436,
    "complex_ipde": 11.344542503356934,
    "chains_ptm": {
        "0": 0.9608470797538757,
        "1": 0.8408275842666626
    },
    "pair_chains_iptm": {
        "0": {
            "0": 0.9608470797538757,
            "1": 0.44965946674346924
        },
        "1": {
            "0": 0.34353649616241455,
            "1": 0.8408275842666626
        }
    }
}