{
    "confidence_score": 0.6996321678161621,
    "ptm": 0.7152130007743835,
    "iptm": 0.42183351516723633,
    "ligand_iptm": 0.0,
    "protein_iptm": 0.42183351516723633,
    "complex_plddt": 0.7690818309783936,
    "complex_iplddt": 0.6736459732055664,
    "complex_pde": 0.9336869716644287,
    "complex_ipde": 10.965843200683594,
    "chains_ptm": {
        "0": 0.9485227465629578,
        "1": 0.8736916780471802
    },
    "pair_chains_iptm": {
        "0": {
            "0": 0.9485227465629578,
            "1": 0.42183351516723633
        },
        "1": {
            "0": 0.3634302616119385,
            "1": 0.8736916780471802
        }
    }
}