{
    "confidence_score": 0.764155924320221,
    "ptm": 0.7519075274467468,
    "iptm": 0.4139619469642639,
    "ligand_iptm": 0.0,
    "protein_iptm": 0.4139619469642639,
    "complex_plddt": 0.8517044186592102,
    "complex_iplddt": 0.8220967650413513,
    "complex_pde": 0.7866432666778564,
    "complex_ipde": 10.835000991821289,
    "chains_ptm": {
        "0": 0.955375075340271,
        "1": 0.9139391183853149
    },
    "pair_chains_iptm": {
        "0": {
            "0": 0.955375075340271,
            "1": 0.4139619469642639
        },
        "1": {
            "0": 0.38511714339256287,
            "1": 0.9139391183853149
        }
    }
}