{
    "confidence_score": 0.7925910353660583,
    "ptm": 0.811875581741333,
    "iptm": 0.5742944478988647,
    "ligand_iptm": 0.0,
    "protein_iptm": 0.5742944478988647,
    "complex_plddt": 0.8471651673316956,
    "complex_iplddt": 0.7739621996879578,
    "complex_pde": 0.7013258934020996,
    "complex_ipde": 7.34467077255249,
    "chains_ptm": {
        "0": 0.9634483456611633,
        "1": 0.9230743050575256
    },
    "pair_chains_iptm": {
        "0": {
            "0": 0.9634483456611633,
            "1": 0.5742944478988647
        },
        "1": {
            "0": 0.5387811064720154,
            "1": 0.9230743050575256
        }
    }
}