{
    "confidence_score": 0.8074118494987488,
    "ptm": 0.6885087490081787,
    "iptm": 0.36437371373176575,
    "ligand_iptm": 0.0,
    "protein_iptm": 0.36437371373176575,
    "complex_plddt": 0.9181713461875916,
    "complex_iplddt": 0.8875951766967773,
    "complex_pde": 0.6398000121116638,
    "complex_ipde": 7.652644157409668,
    "chains_ptm": {
        "0": 0.9737478494644165,
        "1": 0.9870206713676453,
        "2": 0.9760237336158752
    },
    "pair_chains_iptm": {
        "0": {
            "0": 0.9737478494644165,
            "1": 0.923543393611908,
            "2": 0.16895057260990143
        },
        "1": {
            "0": 0.929258406162262,
            "1": 0.9870206713676453,
            "2": 0.1743798553943634
        },
        "2": {
            "0": 0.2014828324317932,
            "1": 0.19964691996574402,
            "2": 0.9760237336158752
        }
    }
}