{
    "confidence_score": 0.7263986468315125,
    "ptm": 0.687321662902832,
    "iptm": 0.27729952335357666,
    "ligand_iptm": 0.0,
    "protein_iptm": 0.27729952335357666,
    "complex_plddt": 0.83867347240448,
    "complex_iplddt": 0.8117350339889526,
    "complex_pde": 0.9628781080245972,
    "complex_ipde": 12.564104080200195,
    "chains_ptm": {
        "0": 0.9513185024261475,
        "1": 0.8791840076446533
    },
    "pair_chains_iptm": {
        "0": {
            "0": 0.9513185024261475,
            "1": 0.27729952335357666
        },
        "1": {
            "0": 0.2713409662246704,
            "1": 0.8791840076446533
        }
    }
}