{
    "confidence_score": 0.7562143206596375,
    "ptm": 0.7899932861328125,
    "iptm": 0.6148537993431091,
    "ligand_iptm": 0.0,
    "protein_iptm": 0.6148537993431091,
    "complex_plddt": 0.7915544509887695,
    "complex_iplddt": 0.7957031726837158,
    "complex_pde": 0.935761570930481,
    "complex_ipde": 7.439280986785889,
    "chains_ptm": {
        "0": 0.9743923544883728,
        "1": 0.8676004409790039
    },
    "pair_chains_iptm": {
        "0": {
            "0": 0.9743923544883728,
            "1": 0.6148537993431091
        },
        "1": {
            "0": 0.5383929014205933,
            "1": 0.8676004409790039
        }
    }
}