{
    "confidence_score": 0.7505125403404236,
    "ptm": 0.7742292284965515,
    "iptm": 0.42962953448295593,
    "ligand_iptm": 0.0,
    "protein_iptm": 0.42962953448295593,
    "complex_plddt": 0.8307332396507263,
    "complex_iplddt": 0.7797622680664062,
    "complex_pde": 0.7529714703559875,
    "complex_ipde": 10.937190055847168,
    "chains_ptm": {
        "0": 0.939808189868927,
        "1": 0.934346616268158
    },
    "pair_chains_iptm": {
        "0": {
            "0": 0.939808189868927,
            "1": 0.4288195073604584
        },
        "1": {
            "0": 0.42962953448295593,
            "1": 0.934346616268158
        }
    }
}