{
    "confidence_score": 0.6846985220909119,
    "ptm": 0.6604483723640442,
    "iptm": 0.34060096740722656,
    "ligand_iptm": 0.0,
    "protein_iptm": 0.34060096740722656,
    "complex_plddt": 0.7707229256629944,
    "complex_iplddt": 0.7623612284660339,
    "complex_pde": 1.291160225868225,
    "complex_ipde": 12.299175262451172,
    "chains_ptm": {
        "0": 0.967528223991394,
        "1": 0.7964494824409485
    },
    "pair_chains_iptm": {
        "0": {
            "0": 0.967528223991394,
            "1": 0.34060096740722656
        },
        "1": {
            "0": 0.28967931866645813,
            "1": 0.7964494824409485
        }
    }
}