{
    "confidence_score": 0.7530187964439392,
    "ptm": 0.7115433216094971,
    "iptm": 0.4072999656200409,
    "ligand_iptm": 0.0,
    "protein_iptm": 0.4072999656200409,
    "complex_plddt": 0.8394485116004944,
    "complex_iplddt": 0.8366250395774841,
    "complex_pde": 1.0126831531524658,
    "complex_ipde": 12.123433113098145,
    "chains_ptm": {
        "0": 0.9480311870574951,
        "1": 0.8570680618286133
    },
    "pair_chains_iptm": {
        "0": {
            "0": 0.9480311870574951,
            "1": 0.4072999656200409
        },
        "1": {
            "0": 0.3466690182685852,
            "1": 0.8570680618286133
        }
    }
}