{
    "confidence_score": 0.7213675379753113,
    "ptm": 0.7120559811592102,
    "iptm": 0.2972791790962219,
    "ligand_iptm": 0.0,
    "protein_iptm": 0.2972791790962219,
    "complex_plddt": 0.8273895978927612,
    "complex_iplddt": 0.7829644083976746,
    "complex_pde": 0.9044130444526672,
    "complex_ipde": 12.942893028259277,
    "chains_ptm": {
        "0": 0.9631956219673157,
        "1": 0.9097782373428345
    },
    "pair_chains_iptm": {
        "0": {
            "0": 0.9631956219673157,
            "1": 0.2972791790962219
        },
        "1": {
            "0": 0.2601345181465149,
            "1": 0.9097782373428345
        }
    }
}