{
    "confidence_score": 0.7434049248695374,
    "ptm": 0.6740356087684631,
    "iptm": 0.33723926544189453,
    "ligand_iptm": 0.0,
    "protein_iptm": 0.33723926544189453,
    "complex_plddt": 0.8449463248252869,
    "complex_iplddt": 0.8078982830047607,
    "complex_pde": 1.1166603565216064,
    "complex_ipde": 13.114579200744629,
    "chains_ptm": {
        "0": 0.9539151191711426,
        "1": 0.8300131559371948
    },
    "pair_chains_iptm": {
        "0": {
            "0": 0.9539151191711426,
            "1": 0.33723926544189453
        },
        "1": {
            "0": 0.2892267405986786,
            "1": 0.8300131559371948
        }
    }
}