{
    "confidence_score": 0.6832007765769958,
    "ptm": 0.7546169757843018,
    "iptm": 0.3366019129753113,
    "ligand_iptm": 0.0,
    "protein_iptm": 0.3366019129753113,
    "complex_plddt": 0.769850492477417,
    "complex_iplddt": 0.7237161993980408,
    "complex_pde": 0.8149920105934143,
    "complex_ipde": 11.862716674804688,
    "chains_ptm": {
        "0": 0.9615738391876221,
        "1": 0.9215303063392639
    },
    "pair_chains_iptm": {
        "0": {
            "0": 0.9615738391876221,
            "1": 0.3366019129753113
        },
        "1": {
            "0": 0.3217354118824005,
            "1": 0.9215303063392639
        }
    }
}