{
    "confidence_score": 0.8001127243041992,
    "ptm": 0.82682204246521,
    "iptm": 0.7606627941131592,
    "ligand_iptm": 0.0,
    "protein_iptm": 0.7606627941131592,
    "complex_plddt": 0.8099751472473145,
    "complex_iplddt": 0.7917844653129578,
    "complex_pde": 0.9007797241210938,
    "complex_ipde": 5.276320934295654,
    "chains_ptm": {
        "0": 0.9586287140846252,
        "1": 0.8572901487350464
    },
    "pair_chains_iptm": {
        "0": {
            "0": 0.9586287140846252,
            "1": 0.7606627941131592
        },
        "1": {
            "0": 0.6646892428398132,
            "1": 0.8572901487350464
        }
    }
}