{
    "confidence_score": 0.7134830355644226,
    "ptm": 0.6887537240982056,
    "iptm": 0.20595760643482208,
    "ligand_iptm": 0.0,
    "protein_iptm": 0.20595760643482208,
    "complex_plddt": 0.840364396572113,
    "complex_iplddt": 0.8197788596153259,
    "complex_pde": 0.8495455980300903,
    "complex_ipde": 13.362995147705078,
    "chains_ptm": {
        "0": 0.9497278928756714,
        "1": 0.9208528995513916
    },
    "pair_chains_iptm": {
        "0": {
            "0": 0.9497278928756714,
            "1": 0.17917987704277039
        },
        "1": {
            "0": 0.20595760643482208,
            "1": 0.9208528995513916
        }
    }
}