{
    "confidence_score": 0.8187160491943359,
    "ptm": 0.8405320644378662,
    "iptm": 0.794498085975647,
    "ligand_iptm": 0.0,
    "protein_iptm": 0.794498085975647,
    "complex_plddt": 0.8247705698013306,
    "complex_iplddt": 0.790597140789032,
    "complex_pde": 0.8383320569992065,
    "complex_ipde": 4.60039758682251,
    "chains_ptm": {
        "0": 0.9560480117797852,
        "1": 0.8640137910842896
    },
    "pair_chains_iptm": {
        "0": {
            "0": 0.9560480117797852,
            "1": 0.794498085975647
        },
        "1": {
            "0": 0.7028201222419739,
            "1": 0.8640137910842896
        }
    }
}