{
    "confidence_score": 0.7272072434425354,
    "ptm": 0.7110868692398071,
    "iptm": 0.27160122990608215,
    "ligand_iptm": 0.0,
    "protein_iptm": 0.27160122990608215,
    "complex_plddt": 0.8411087393760681,
    "complex_iplddt": 0.8163792490959167,
    "complex_pde": 0.7739545106887817,
    "complex_ipde": 12.910191535949707,
    "chains_ptm": {
        "0": 0.9702056050300598,
        "1": 0.9164300560951233
    },
    "pair_chains_iptm": {
        "0": {
            "0": 0.9702056050300598,
            "1": 0.27160122990608215
        },
        "1": {
            "0": 0.2679711878299713,
            "1": 0.9164300560951233
        }
    }
}