{
    "confidence_score": 0.7224017381668091,
    "ptm": 0.6321868896484375,
    "iptm": 0.20949113368988037,
    "ligand_iptm": 0.0,
    "protein_iptm": 0.20949113368988037,
    "complex_plddt": 0.8506293892860413,
    "complex_iplddt": 0.8420400023460388,
    "complex_pde": 1.1477710008621216,
    "complex_ipde": 14.43878173828125,
    "chains_ptm": {
        "0": 0.9502778053283691,
        "1": 0.8353270888328552
    },
    "pair_chains_iptm": {
        "0": {
            "0": 0.9502778053283691,
            "1": 0.1852867305278778
        },
        "1": {
            "0": 0.20949113368988037,
            "1": 0.8353270888328552
        }
    }
}