{
    "confidence_score": 0.7218008637428284,
    "ptm": 0.6810609102249146,
    "iptm": 0.29839399456977844,
    "ligand_iptm": 0.0,
    "protein_iptm": 0.29839399456977844,
    "complex_plddt": 0.8276525735855103,
    "complex_iplddt": 0.8025628924369812,
    "complex_pde": 1.0336546897888184,
    "complex_ipde": 11.874664306640625,
    "chains_ptm": {
        "0": 0.9556521773338318,
        "1": 0.8599361181259155
    },
    "pair_chains_iptm": {
        "0": {
            "0": 0.9556521773338318,
            "1": 0.29839399456977844
        },
        "1": {
            "0": 0.2775309681892395,
            "1": 0.8599361181259155
        }
    }
}