{
    "confidence_score": 0.7334511876106262,
    "ptm": 0.7006607055664062,
    "iptm": 0.41274306178092957,
    "ligand_iptm": 0.0,
    "protein_iptm": 0.41274306178092957,
    "complex_plddt": 0.8136281967163086,
    "complex_iplddt": 0.782153308391571,
    "complex_pde": 1.1309757232666016,
    "complex_ipde": 10.251180648803711,
    "chains_ptm": {
        "0": 0.9635922312736511,
        "1": 0.8395279049873352
    },
    "pair_chains_iptm": {
        "0": {
            "0": 0.9635922312736511,
            "1": 0.41274306178092957
        },
        "1": {
            "0": 0.353516161441803,
            "1": 0.8395279049873352
        }
    }
}