{
    "confidence_score": 0.6670466065406799,
    "ptm": 0.7031022906303406,
    "iptm": 0.3556360602378845,
    "ligand_iptm": 0.0,
    "protein_iptm": 0.3556360602378845,
    "complex_plddt": 0.7448992133140564,
    "complex_iplddt": 0.7019373178482056,
    "complex_pde": 1.221954584121704,
    "complex_ipde": 10.62722110748291,
    "chains_ptm": {
        "0": 0.9473028779029846,
        "1": 0.8453435301780701
    },
    "pair_chains_iptm": {
        "0": {
            "0": 0.9473028779029846,
            "1": 0.3556360602378845
        },
        "1": {
            "0": 0.31299668550491333,
            "1": 0.8453435301780701
        }
    }
}