{
    "confidence_score": 0.7358015775680542,
    "ptm": 0.7255609035491943,
    "iptm": 0.383436918258667,
    "ligand_iptm": 0.0,
    "protein_iptm": 0.383436918258667,
    "complex_plddt": 0.8238927125930786,
    "complex_iplddt": 0.8187313079833984,
    "complex_pde": 0.92948979139328,
    "complex_ipde": 11.676956176757812,
    "chains_ptm": {
        "0": 0.9655107855796814,
        "1": 0.8818192481994629
    },
    "pair_chains_iptm": {
        "0": {
            "0": 0.9655107855796814,
            "1": 0.383436918258667
        },
        "1": {
            "0": 0.3468901515007019,
            "1": 0.8818192481994629
        }
    }
}