{
    "confidence_score": 0.7536890506744385,
    "ptm": 0.7470142245292664,
    "iptm": 0.46655067801475525,
    "ligand_iptm": 0.0,
    "protein_iptm": 0.46655067801475525,
    "complex_plddt": 0.8254736661911011,
    "complex_iplddt": 0.8004858493804932,
    "complex_pde": 0.9452674388885498,
    "complex_ipde": 11.18077278137207,
    "chains_ptm": {
        "0": 0.9576491117477417,
        "1": 0.8750279545783997
    },
    "pair_chains_iptm": {
        "0": {
            "0": 0.9576491117477417,
            "1": 0.46655067801475525
        },
        "1": {
            "0": 0.4237992465496063,
            "1": 0.8750279545783997
        }
    }
}