{
    "confidence_score": 0.6924667954444885,
    "ptm": 0.7069214582443237,
    "iptm": 0.3434170186519623,
    "ligand_iptm": 0.0,
    "protein_iptm": 0.3434170186519623,
    "complex_plddt": 0.7797292470932007,
    "complex_iplddt": 0.7613275051116943,
    "complex_pde": 1.0620644092559814,
    "complex_ipde": 10.826425552368164,
    "chains_ptm": {
        "0": 0.954333484172821,
        "1": 0.8605737090110779
    },
    "pair_chains_iptm": {
        "0": {
            "0": 0.954333484172821,
            "1": 0.3434170186519623
        },
        "1": {
            "0": 0.30318912863731384,
            "1": 0.8605737090110779
        }
    }
}