{
    "confidence_score": 0.701117217540741,
    "ptm": 0.7863462567329407,
    "iptm": 0.42222023010253906,
    "ligand_iptm": 0.0,
    "protein_iptm": 0.42222023010253906,
    "complex_plddt": 0.7708414196968079,
    "complex_iplddt": 0.734046459197998,
    "complex_pde": 0.723164439201355,
    "complex_ipde": 10.784603118896484,
    "chains_ptm": {
        "0": 0.9519038796424866,
        "1": 0.9361876249313354
    },
    "pair_chains_iptm": {
        "0": {
            "0": 0.9519038796424866,
            "1": 0.42222023010253906
        },
        "1": {
            "0": 0.4158194363117218,
            "1": 0.9361876249313354
        }
    }
}