{
    "confidence_score": 0.7595459818840027,
    "ptm": 0.7513421177864075,
    "iptm": 0.4335170090198517,
    "ligand_iptm": 0.0,
    "protein_iptm": 0.4335170090198517,
    "complex_plddt": 0.8410532474517822,
    "complex_iplddt": 0.8094431161880493,
    "complex_pde": 0.8075526356697083,
    "complex_ipde": 10.16757869720459,
    "chains_ptm": {
        "0": 0.9583244323730469,
        "1": 0.9010581970214844
    },
    "pair_chains_iptm": {
        "0": {
            "0": 0.9583244323730469,
            "1": 0.4335170090198517
        },
        "1": {
            "0": 0.39551863074302673,
            "1": 0.9010581970214844
        }
    }
}