{
    "confidence_score": 0.754429042339325,
    "ptm": 0.6914119124412537,
    "iptm": 0.31680259108543396,
    "ligand_iptm": 0.0,
    "protein_iptm": 0.31680259108543396,
    "complex_plddt": 0.8638356924057007,
    "complex_iplddt": 0.8315575122833252,
    "complex_pde": 0.9828205704689026,
    "complex_ipde": 12.427736282348633,
    "chains_ptm": {
        "0": 0.9537443518638611,
        "1": 0.8686652183532715
    },
    "pair_chains_iptm": {
        "0": {
            "0": 0.9537443518638611,
            "1": 0.31680259108543396
        },
        "1": {
            "0": 0.3030984699726105,
            "1": 0.8686652183532715
        }
    }
}