{
    "confidence_score": 0.8022662401199341,
    "ptm": 0.6959646344184875,
    "iptm": 0.3761383891105652,
    "ligand_iptm": 0.0,
    "protein_iptm": 0.3761383891105652,
    "complex_plddt": 0.9087981581687927,
    "complex_iplddt": 0.8819839358329773,
    "complex_pde": 0.6421687602996826,
    "complex_ipde": 7.912010192871094,
    "chains_ptm": {
        "0": 0.9824754595756531,
        "1": 0.9894505739212036,
        "2": 0.978113055229187
    },
    "pair_chains_iptm": {
        "0": {
            "0": 0.9824754595756531,
            "1": 0.9244176745414734,
            "2": 0.1882999837398529
        },
        "1": {
            "0": 0.9236565232276917,
            "1": 0.9894505739212036,
            "2": 0.19604244828224182
        },
        "2": {
            "0": 0.21840445697307587,
            "1": 0.21563689410686493,
            "2": 0.978113055229187
        }
    }
}