{
    "confidence_score": 0.7943605184555054,
    "ptm": 0.8182886242866516,
    "iptm": 0.564507782459259,
    "ligand_iptm": 0.0,
    "protein_iptm": 0.564507782459259,
    "complex_plddt": 0.8518236875534058,
    "complex_iplddt": 0.8011950254440308,
    "complex_pde": 0.6885024905204773,
    "complex_ipde": 8.632980346679688,
    "chains_ptm": {
        "0": 0.9665995836257935,
        "1": 0.9299139380455017
    },
    "pair_chains_iptm": {
        "0": {
            "0": 0.9665995836257935,
            "1": 0.564507782459259
        },
        "1": {
            "0": 0.5145421624183655,
            "1": 0.9299139380455017
        }
    }
}