{
    "confidence_score": 0.8019871115684509,
    "ptm": 0.7923961281776428,
    "iptm": 0.6465288996696472,
    "ligand_iptm": 0.0,
    "protein_iptm": 0.6465288996696472,
    "complex_plddt": 0.8408516645431519,
    "complex_iplddt": 0.8022184371948242,
    "complex_pde": 0.8342238068580627,
    "complex_ipde": 7.163696765899658,
    "chains_ptm": {
        "0": 0.9623129963874817,
        "1": 0.867899477481842
    },
    "pair_chains_iptm": {
        "0": {
            "0": 0.9623129963874817,
            "1": 0.6465288996696472
        },
        "1": {
            "0": 0.5547301769256592,
            "1": 0.867899477481842
        }
    }
}