{
    "confidence_score": 0.7511177659034729,
    "ptm": 0.7501925826072693,
    "iptm": 0.4959864020347595,
    "ligand_iptm": 0.0,
    "protein_iptm": 0.4959864020347595,
    "complex_plddt": 0.8149005770683289,
    "complex_iplddt": 0.768455982208252,
    "complex_pde": 0.9914461970329285,
    "complex_ipde": 9.639337539672852,
    "chains_ptm": {
        "0": 0.9594804048538208,
        "1": 0.8695362210273743
    },
    "pair_chains_iptm": {
        "0": {
            "0": 0.9594804048538208,
            "1": 0.4959864020347595
        },
        "1": {
            "0": 0.4451689124107361,
            "1": 0.8695362210273743
        }
    }
}