{
    "confidence_score": 0.7199323773384094,
    "ptm": 0.7646934390068054,
    "iptm": 0.48154696822166443,
    "ligand_iptm": 0.0,
    "protein_iptm": 0.48154696822166443,
    "complex_plddt": 0.7795287370681763,
    "complex_iplddt": 0.7925359606742859,
    "complex_pde": 0.9282300472259521,
    "complex_ipde": 9.478791236877441,
    "chains_ptm": {
        "0": 0.9625931978225708,
        "1": 0.8879628777503967
    },
    "pair_chains_iptm": {
        "0": {
            "0": 0.9625931978225708,
            "1": 0.48154696822166443
        },
        "1": {
            "0": 0.43520548939704895,
            "1": 0.8879628777503967
        }
    }
}