{
    "confidence_score": 0.8019927144050598,
    "ptm": 0.7112489342689514,
    "iptm": 0.4306703805923462,
    "ligand_iptm": 0.0,
    "protein_iptm": 0.4306703805923462,
    "complex_plddt": 0.8948232531547546,
    "complex_iplddt": 0.8226618766784668,
    "complex_pde": 0.7445293068885803,
    "complex_ipde": 6.960386753082275,
    "chains_ptm": {
        "0": 0.9684892296791077,
        "1": 0.9854027628898621,
        "2": 0.9678491353988647
    },
    "pair_chains_iptm": {
        "0": {
            "0": 0.9684892296791077,
            "1": 0.9299749732017517,
            "2": 0.28924158215522766
        },
        "1": {
            "0": 0.9423284530639648,
            "1": 0.9854027628898621,
            "2": 0.24200743436813354
        },
        "2": {
            "0": 0.2873395085334778,
            "1": 0.2735980749130249,
            "2": 0.9678491353988647
        }
    }
}