{
    "confidence_score": 0.7380033731460571,
    "ptm": 0.7361985445022583,
    "iptm": 0.32051917910575867,
    "ligand_iptm": 0.0,
    "protein_iptm": 0.32051917910575867,
    "complex_plddt": 0.8423743844032288,
    "complex_iplddt": 0.8233439326286316,
    "complex_pde": 0.7800524234771729,
    "complex_ipde": 13.159502983093262,
    "chains_ptm": {
        "0": 0.9599958062171936,
        "1": 0.9331670999526978
    },
    "pair_chains_iptm": {
        "0": {
            "0": 0.9599958062171936,
            "1": 0.32051917910575867
        },
        "1": {
            "0": 0.3133838176727295,
            "1": 0.9331670999526978
        }
    }
}