{
    "confidence_score": 0.7223784327507019,
    "ptm": 0.7941868305206299,
    "iptm": 0.5230742692947388,
    "ligand_iptm": 0.0,
    "protein_iptm": 0.5230742692947388,
    "complex_plddt": 0.7722045183181763,
    "complex_iplddt": 0.74232017993927,
    "complex_pde": 0.8249146938323975,
    "complex_ipde": 8.48089599609375,
    "chains_ptm": {
        "0": 0.9588527083396912,
        "1": 0.9112767577171326
    },
    "pair_chains_iptm": {
        "0": {
            "0": 0.9588527083396912,
            "1": 0.5230742692947388
        },
        "1": {
            "0": 0.4704276919364929,
            "1": 0.9112767577171326
        }
    }
}