{
    "confidence_score": 0.6995285749435425,
    "ptm": 0.7670538425445557,
    "iptm": 0.33006882667541504,
    "ligand_iptm": 0.0,
    "protein_iptm": 0.33006882667541504,
    "complex_plddt": 0.791893482208252,
    "complex_iplddt": 0.7739879488945007,
    "complex_pde": 0.6720372438430786,
    "complex_ipde": 11.299093246459961,
    "chains_ptm": {
        "0": 0.952448844909668,
        "1": 0.9498542547225952
    },
    "pair_chains_iptm": {
        "0": {
            "0": 0.952448844909668,
            "1": 0.33006882667541504
        },
        "1": {
            "0": 0.2913213074207306,
            "1": 0.9498542547225952
        }
    }
}