{
    "confidence_score": 0.7549111247062683,
    "ptm": 0.671814501285553,
    "iptm": 0.1779021918773651,
    "ligand_iptm": 0.0,
    "protein_iptm": 0.1779021918773651,
    "complex_plddt": 0.8991633653640747,
    "complex_iplddt": 0.8489793539047241,
    "complex_pde": 0.6803433895111084,
    "complex_ipde": 12.874210357666016,
    "chains_ptm": {
        "0": 0.9504284262657166,
        "1": 0.9770302176475525
    },
    "pair_chains_iptm": {
        "0": {
            "0": 0.9504284262657166,
            "1": 0.15969733893871307
        },
        "1": {
            "0": 0.1779021918773651,
            "1": 0.9770302176475525
        }
    }
}