{
    "confidence_score": 0.6905519366264343,
    "ptm": 0.7147512435913086,
    "iptm": 0.3148324191570282,
    "ligand_iptm": 0.0,
    "protein_iptm": 0.3148324191570282,
    "complex_plddt": 0.7844817638397217,
    "complex_iplddt": 0.8052253127098083,
    "complex_pde": 0.9602990746498108,
    "complex_ipde": 12.452386856079102,
    "chains_ptm": {
        "0": 0.9629307389259338,
        "1": 0.8832470178604126
    },
    "pair_chains_iptm": {
        "0": {
            "0": 0.9629307389259338,
            "1": 0.3148324191570282
        },
        "1": {
            "0": 0.2889367938041687,
            "1": 0.8832470178604126
        }
    }
}