{
    "confidence_score": 0.6863678097724915,
    "ptm": 0.648293673992157,
    "iptm": 0.3059644401073456,
    "ligand_iptm": 0.0,
    "protein_iptm": 0.3059644401073456,
    "complex_plddt": 0.7814686298370361,
    "complex_iplddt": 0.7331190705299377,
    "complex_pde": 1.3588533401489258,
    "complex_ipde": 13.196959495544434,
    "chains_ptm": {
        "0": 0.9569735527038574,
        "1": 0.794992983341217
    },
    "pair_chains_iptm": {
        "0": {
            "0": 0.9569735527038574,
            "1": 0.3059644401073456
        },
        "1": {
            "0": 0.27407121658325195,
            "1": 0.794992983341217
        }
    }
}