{
    "confidence_score": 0.709119975566864,
    "ptm": 0.6879706978797913,
    "iptm": 0.21121227741241455,
    "ligand_iptm": 0.0,
    "protein_iptm": 0.21121227741241455,
    "complex_plddt": 0.83359694480896,
    "complex_iplddt": 0.7516323924064636,
    "complex_pde": 0.8750535845756531,
    "complex_ipde": 14.686615943908691,
    "chains_ptm": {
        "0": 0.9489184021949768,
        "1": 0.9184314012527466
    },
    "pair_chains_iptm": {
        "0": {
            "0": 0.9489184021949768,
            "1": 0.19726397097110748
        },
        "1": {
            "0": 0.21121227741241455,
            "1": 0.9184314012527466
        }
    }
}