{
    "confidence_score": 0.7726743221282959,
    "ptm": 0.7198381423950195,
    "iptm": 0.29626742005348206,
    "ligand_iptm": 0.0,
    "protein_iptm": 0.29626742005348206,
    "complex_plddt": 0.8917760252952576,
    "complex_iplddt": 0.8644173741340637,
    "complex_pde": 0.6976495385169983,
    "complex_ipde": 11.680353164672852,
    "chains_ptm": {
        "0": 0.9531056880950928,
        "1": 0.9726664423942566
    },
    "pair_chains_iptm": {
        "0": {
            "0": 0.9531056880950928,
            "1": 0.29626742005348206
        },
        "1": {
            "0": 0.2918449342250824,
            "1": 0.9726664423942566
        }
    }
}