{
    "confidence_score": 0.7042477130889893,
    "ptm": 0.7056263089179993,
    "iptm": 0.397656112909317,
    "ligand_iptm": 0.0,
    "protein_iptm": 0.397656112909317,
    "complex_plddt": 0.7808955907821655,
    "complex_iplddt": 0.7604515552520752,
    "complex_pde": 1.2303972244262695,
    "complex_ipde": 10.606103897094727,
    "chains_ptm": {
        "0": 0.9604970216751099,
        "1": 0.8366646766662598
    },
    "pair_chains_iptm": {
        "0": {
            "0": 0.9604970216751099,
            "1": 0.397656112909317
        },
        "1": {
            "0": 0.3382589519023895,
            "1": 0.8366646766662598
        }
    }
}