{
    "confidence_score": 0.7345770001411438,
    "ptm": 0.7022460103034973,
    "iptm": 0.30515050888061523,
    "ligand_iptm": 0.0,
    "protein_iptm": 0.30515050888061523,
    "complex_plddt": 0.8419336080551147,
    "complex_iplddt": 0.8205924034118652,
    "complex_pde": 0.9279815554618835,
    "complex_ipde": 12.511877059936523,
    "chains_ptm": {
        "0": 0.9575165510177612,
        "1": 0.8869941830635071
    },
    "pair_chains_iptm": {
        "0": {
            "0": 0.9575165510177612,
            "1": 0.30515050888061523
        },
        "1": {
            "0": 0.2812803089618683,
            "1": 0.8869941830635071
        }
    }
}