{
    "confidence_score": 0.7171288132667542,
    "ptm": 0.7019168138504028,
    "iptm": 0.22259272634983063,
    "ligand_iptm": 0.0,
    "protein_iptm": 0.22259272634983063,
    "complex_plddt": 0.8407627940177917,
    "complex_iplddt": 0.8029682040214539,
    "complex_pde": 0.8857390880584717,
    "complex_ipde": 14.431021690368652,
    "chains_ptm": {
        "0": 0.9484201669692993,
        "1": 0.921165943145752
    },
    "pair_chains_iptm": {
        "0": {
            "0": 0.9484201669692993,
            "1": 0.2217029333114624
        },
        "1": {
            "0": 0.22259272634983063,
            "1": 0.921165943145752
        }
    }
}