{
    "confidence_score": 0.7212830185890198,
    "ptm": 0.6636255383491516,
    "iptm": 0.230600506067276,
    "ligand_iptm": 0.0,
    "protein_iptm": 0.230600506067276,
    "complex_plddt": 0.8439536094665527,
    "complex_iplddt": 0.833549976348877,
    "complex_pde": 0.9998574256896973,
    "complex_ipde": 14.062742233276367,
    "chains_ptm": {
        "0": 0.9567179679870605,
        "1": 0.8582752346992493
    },
    "pair_chains_iptm": {
        "0": {
            "0": 0.9567179679870605,
            "1": 0.230600506067276
        },
        "1": {
            "0": 0.228816419839859,
            "1": 0.8582752346992493
        }
    }
}