{
    "confidence_score": 0.7590815424919128,
    "ptm": 0.7568753361701965,
    "iptm": 0.42159703373908997,
    "ligand_iptm": 0.0,
    "protein_iptm": 0.42159703373908997,
    "complex_plddt": 0.8434526324272156,
    "complex_iplddt": 0.7725988030433655,
    "complex_pde": 0.8471435904502869,
    "complex_ipde": 12.187592506408691,
    "chains_ptm": {
        "0": 0.9618775844573975,
        "1": 0.9091725945472717
    },
    "pair_chains_iptm": {
        "0": {
            "0": 0.9618775844573975,
            "1": 0.42159703373908997
        },
        "1": {
            "0": 0.38344240188598633,
            "1": 0.9091725945472717
        }
    }
}