{
    "confidence_score": 0.7061362266540527,
    "ptm": 0.7168236970901489,
    "iptm": 0.26888716220855713,
    "ligand_iptm": 0.0,
    "protein_iptm": 0.26888716220855713,
    "complex_plddt": 0.815448522567749,
    "complex_iplddt": 0.7779141664505005,
    "complex_pde": 0.829555869102478,
    "complex_ipde": 12.853151321411133,
    "chains_ptm": {
        "0": 0.9497663378715515,
        "1": 0.9313527941703796
    },
    "pair_chains_iptm": {
        "0": {
            "0": 0.9497663378715515,
            "1": 0.26888716220855713
        },
        "1": {
            "0": 0.25839656591415405,
            "1": 0.9313527941703796
        }
    }
}