{
    "confidence_score": 0.8110488057136536,
    "ptm": 0.7138035297393799,
    "iptm": 0.4230172634124756,
    "ligand_iptm": 0.0,
    "protein_iptm": 0.4230172634124756,
    "complex_plddt": 0.9080566763877869,
    "complex_iplddt": 0.8445421457290649,
    "complex_pde": 0.7281063199043274,
    "complex_ipde": 7.845103740692139,
    "chains_ptm": {
        "0": 0.9720079302787781,
        "1": 0.9870664477348328,
        "2": 0.9739302396774292
    },
    "pair_chains_iptm": {
        "0": {
            "0": 0.9720079302787781,
            "1": 0.9303810000419617,
            "2": 0.2824564278125763
        },
        "1": {
            "0": 0.94419264793396,
            "1": 0.9870664477348328,
            "2": 0.24035988748073578
        },
        "2": {
            "0": 0.2707791030406952,
            "1": 0.263691246509552,
            "2": 0.9739302396774292
        }
    }
}