{
    "confidence_score": 0.6760703921318054,
    "ptm": 0.7408990859985352,
    "iptm": 0.22858621180057526,
    "ligand_iptm": 0.0,
    "protein_iptm": 0.22858621180057526,
    "complex_plddt": 0.7879414558410645,
    "complex_iplddt": 0.7300845980644226,
    "complex_pde": 0.7601181268692017,
    "complex_ipde": 13.799788475036621,
    "chains_ptm": {
        "0": 0.9552678465843201,
        "1": 0.9445022940635681
    },
    "pair_chains_iptm": {
        "0": {
            "0": 0.9552678465843201,
            "1": 0.22858621180057526
        },
        "1": {
            "0": 0.2097207009792328,
            "1": 0.9445022940635681
        }
    }
}