{
    "confidence_score": 0.7845219969749451,
    "ptm": 0.7897031903266907,
    "iptm": 0.5356112718582153,
    "ligand_iptm": 0.0,
    "protein_iptm": 0.5356112718582153,
    "complex_plddt": 0.8467496633529663,
    "complex_iplddt": 0.8139750361442566,
    "complex_pde": 0.7039490342140198,
    "complex_ipde": 9.119181632995605,
    "chains_ptm": {
        "0": 0.9674150943756104,
        "1": 0.9108217358589172
    },
    "pair_chains_iptm": {
        "0": {
            "0": 0.9674150943756104,
            "1": 0.5356112718582153
        },
        "1": {
            "0": 0.4986582100391388,
            "1": 0.9108217358589172
        }
    }
}