{
    "confidence_score": 0.6719577312469482,
    "ptm": 0.6757014393806458,
    "iptm": 0.28717854619026184,
    "ligand_iptm": 0.0,
    "protein_iptm": 0.28717854619026184,
    "complex_plddt": 0.7681525349617004,
    "complex_iplddt": 0.6946533918380737,
    "complex_pde": 0.9837464690208435,
    "complex_ipde": 13.305669784545898,
    "chains_ptm": {
        "0": 0.9546055793762207,
        "1": 0.8545982241630554
    },
    "pair_chains_iptm": {
        "0": {
            "0": 0.9546055793762207,
            "1": 0.28717854619026184
        },
        "1": {
            "0": 0.2652525007724762,
            "1": 0.8545982241630554
        }
    }
}