{
    "confidence_score": 0.8018913269042969,
    "ptm": 0.7443630695343018,
    "iptm": 0.4188423156738281,
    "ligand_iptm": 0.0,
    "protein_iptm": 0.4188423156738281,
    "complex_plddt": 0.8976535201072693,
    "complex_iplddt": 0.8364263772964478,
    "complex_pde": 0.6452170610427856,
    "complex_ipde": 10.186263084411621,
    "chains_ptm": {
        "0": 0.9490432143211365,
        "1": 0.9687358140945435
    },
    "pair_chains_iptm": {
        "0": {
            "0": 0.9490432143211365,
            "1": 0.3706287145614624
        },
        "1": {
            "0": 0.4188423156738281,
            "1": 0.9687358140945435
        }
    }
}