{
    "confidence_score": 0.7142531275749207,
    "ptm": 0.7792770266532898,
    "iptm": 0.48283565044403076,
    "ligand_iptm": 0.0,
    "protein_iptm": 0.48283565044403076,
    "complex_plddt": 0.7721074819564819,
    "complex_iplddt": 0.7618122696876526,
    "complex_pde": 0.8727977275848389,
    "complex_ipde": 10.106047630310059,
    "chains_ptm": {
        "0": 0.9541221261024475,
        "1": 0.9095797538757324
    },
    "pair_chains_iptm": {
        "0": {
            "0": 0.9541221261024475,
            "1": 0.48283565044403076
        },
        "1": {
            "0": 0.4227522909641266,
            "1": 0.9095797538757324
        }
    }
}