{
    "confidence_score": 0.6836212873458862,
    "ptm": 0.6184414625167847,
    "iptm": 0.28598231077194214,
    "ligand_iptm": 0.0,
    "protein_iptm": 0.28598231077194214,
    "complex_plddt": 0.7830309867858887,
    "complex_iplddt": 0.779479444026947,
    "complex_pde": 1.5769740343093872,
    "complex_ipde": 13.070677757263184,
    "chains_ptm": {
        "0": 0.9493318200111389,
        "1": 0.7561438083648682
    },
    "pair_chains_iptm": {
        "0": {
            "0": 0.9493318200111389,
            "1": 0.28598231077194214
        },
        "1": {
            "0": 0.2585395872592926,
            "1": 0.7561438083648682
        }
    }
}