{
    "confidence_score": 0.8000203371047974,
    "ptm": 0.8417576551437378,
    "iptm": 0.7130208611488342,
    "ligand_iptm": 0.0,
    "protein_iptm": 0.7130208611488342,
    "complex_plddt": 0.8217701315879822,
    "complex_iplddt": 0.8204789757728577,
    "complex_pde": 0.7065731883049011,
    "complex_ipde": 5.78926420211792,
    "chains_ptm": {
        "0": 0.9669346213340759,
        "1": 0.8985017538070679
    },
    "pair_chains_iptm": {
        "0": {
            "0": 0.9669346213340759,
            "1": 0.7130208611488342
        },
        "1": {
            "0": 0.5974682569503784,
            "1": 0.8985017538070679
        }
    }
}