{
    "confidence_score": 0.7357255816459656,
    "ptm": 0.7368308305740356,
    "iptm": 0.3403366506099701,
    "ligand_iptm": 0.0,
    "protein_iptm": 0.3403366506099701,
    "complex_plddt": 0.8345727920532227,
    "complex_iplddt": 0.7906023263931274,
    "complex_pde": 0.7788935899734497,
    "complex_ipde": 12.228697776794434,
    "chains_ptm": {
        "0": 0.9637128114700317,
        "1": 0.920132040977478
    },
    "pair_chains_iptm": {
        "0": {
            "0": 0.9637128114700317,
            "1": 0.3403366506099701
        },
        "1": {
            "0": 0.32183951139450073,
            "1": 0.920132040977478
        }
    }
}