{
    "confidence_score": 0.8209003806114197,
    "ptm": 0.8454042077064514,
    "iptm": 0.7780328989028931,
    "ligand_iptm": 0.0,
    "protein_iptm": 0.7780328989028931,
    "complex_plddt": 0.8316172361373901,
    "complex_iplddt": 0.8183817267417908,
    "complex_pde": 0.7749649286270142,
    "complex_ipde": 5.521246910095215,
    "chains_ptm": {
        "0": 0.9607720375061035,
        "1": 0.878513514995575
    },
    "pair_chains_iptm": {
        "0": {
            "0": 0.9607720375061035,
            "1": 0.7780328989028931
        },
        "1": {
            "0": 0.6879562139511108,
            "1": 0.878513514995575
        }
    }
}