{
    "confidence_score": 0.6965224146842957,
    "ptm": 0.7110921740531921,
    "iptm": 0.4248870611190796,
    "ligand_iptm": 0.0,
    "protein_iptm": 0.4248870611190796,
    "complex_plddt": 0.7644312977790833,
    "complex_iplddt": 0.6787312030792236,
    "complex_pde": 1.1776483058929443,
    "complex_ipde": 9.70769214630127,
    "chains_ptm": {
        "0": 0.955552339553833,
        "1": 0.8340491652488708
    },
    "pair_chains_iptm": {
        "0": {
            "0": 0.955552339553833,
            "1": 0.4248870611190796
        },
        "1": {
            "0": 0.3641194701194763,
            "1": 0.8340491652488708
        }
    }
}