{
    "confidence_score": 0.7672174572944641,
    "ptm": 0.7149460911750793,
    "iptm": 0.39725252985954285,
    "ligand_iptm": 0.0,
    "protein_iptm": 0.39725252985954285,
    "complex_plddt": 0.8597086668014526,
    "complex_iplddt": 0.8402613401412964,
    "complex_pde": 0.9530529379844666,
    "complex_ipde": 11.245597839355469,
    "chains_ptm": {
        "0": 0.9594547152519226,
        "1": 0.8594607710838318
    },
    "pair_chains_iptm": {
        "0": {
            "0": 0.9594547152519226,
            "1": 0.39725252985954285
        },
        "1": {
            "0": 0.3621460795402527,
            "1": 0.8594607710838318
        }
    }
}