{
    "confidence_score": 0.7198039889335632,
    "ptm": 0.7059391140937805,
    "iptm": 0.21304698288440704,
    "ligand_iptm": 0.0,
    "protein_iptm": 0.21304698288440704,
    "complex_plddt": 0.8464931845664978,
    "complex_iplddt": 0.8304804563522339,
    "complex_pde": 0.8082212805747986,
    "complex_ipde": 14.089078903198242,
    "chains_ptm": {
        "0": 0.9596280455589294,
        "1": 0.9305035471916199
    },
    "pair_chains_iptm": {
        "0": {
            "0": 0.9596280455589294,
            "1": 0.21304698288440704
        },
        "1": {
            "0": 0.2118973433971405,
            "1": 0.9305035471916199
        }
    }
}