{
    "confidence_score": 0.8351024985313416,
    "ptm": 0.823401927947998,
    "iptm": 0.6985396146774292,
    "ligand_iptm": 0.0,
    "protein_iptm": 0.6985396146774292,
    "complex_plddt": 0.8692431449890137,
    "complex_iplddt": 0.8681485056877136,
    "complex_pde": 0.7692134976387024,
    "complex_ipde": 5.928396224975586,
    "chains_ptm": {
        "0": 0.9584528207778931,
        "1": 0.8864919543266296
    },
    "pair_chains_iptm": {
        "0": {
            "0": 0.9584528207778931,
            "1": 0.6985396146774292
        },
        "1": {
            "0": 0.6242856383323669,
            "1": 0.8864919543266296
        }
    }
}