{
    "confidence_score": 0.6955201029777527,
    "ptm": 0.6582854986190796,
    "iptm": 0.2133493423461914,
    "ligand_iptm": 0.0,
    "protein_iptm": 0.2133493423461914,
    "complex_plddt": 0.8160627484321594,
    "complex_iplddt": 0.7889568209648132,
    "complex_pde": 1.0385664701461792,
    "complex_ipde": 13.675614356994629,
    "chains_ptm": {
        "0": 0.953927755355835,
        "1": 0.873239278793335
    },
    "pair_chains_iptm": {
        "0": {
            "0": 0.953927755355835,
            "1": 0.20186810195446014
        },
        "1": {
            "0": 0.2133493423461914,
            "1": 0.873239278793335
        }
    }
}