{
    "confidence_score": 0.7860051393508911,
    "ptm": 0.8186014890670776,
    "iptm": 0.6159408688545227,
    "ligand_iptm": 0.0,
    "protein_iptm": 0.6159408688545227,
    "complex_plddt": 0.828521192073822,
    "complex_iplddt": 0.7912575006484985,
    "complex_pde": 0.7214799523353577,
    "complex_ipde": 7.2886576652526855,
    "chains_ptm": {
        "0": 0.9593071937561035,
        "1": 0.9127116203308105
    },
    "pair_chains_iptm": {
        "0": {
            "0": 0.9593071937561035,
            "1": 0.6159408688545227
        },
        "1": {
            "0": 0.59161376953125,
            "1": 0.9127116203308105
        }
    }
}