{
    "confidence_score": 0.7319084405899048,
    "ptm": 0.8008199334144592,
    "iptm": 0.584647536277771,
    "ligand_iptm": 0.0,
    "protein_iptm": 0.584647536277771,
    "complex_plddt": 0.7687236070632935,
    "complex_iplddt": 0.7210657000541687,
    "complex_pde": 0.8832039833068848,
    "complex_ipde": 8.3389892578125,
    "chains_ptm": {
        "0": 0.9576326012611389,
        "1": 0.8868671655654907
    },
    "pair_chains_iptm": {
        "0": {
            "0": 0.9576326012611389,
            "1": 0.584647536277771
        },
        "1": {
            "0": 0.5213009119033813,
            "1": 0.8868671655654907
        }
    }
}