{
    "confidence_score": 0.6738359332084656,
    "ptm": 0.6572965979576111,
    "iptm": 0.2594277858734131,
    "ligand_iptm": 0.0,
    "protein_iptm": 0.2594277858734131,
    "complex_plddt": 0.7774379849433899,
    "complex_iplddt": 0.7694096565246582,
    "complex_pde": 1.2733155488967896,
    "complex_ipde": 12.452057838439941,
    "chains_ptm": {
        "0": 0.9549493789672852,
        "1": 0.8246251344680786
    },
    "pair_chains_iptm": {
        "0": {
            "0": 0.9549493789672852,
            "1": 0.2594277858734131
        },
        "1": {
            "0": 0.23902791738510132,
            "1": 0.8246251344680786
        }
    }
}