{
    "confidence_score": 0.6328899264335632,
    "ptm": 0.6816801428794861,
    "iptm": 0.21781298518180847,
    "ligand_iptm": 0.0,
    "protein_iptm": 0.21781298518180847,
    "complex_plddt": 0.7366591095924377,
    "complex_iplddt": 0.685819149017334,
    "complex_pde": 1.2830145359039307,
    "complex_ipde": 13.74350643157959,
    "chains_ptm": {
        "0": 0.9149854779243469,
        "1": 0.8631613850593567
    },
    "pair_chains_iptm": {
        "0": {
            "0": 0.9149854779243469,
            "1": 0.21781298518180847
        },
        "1": {
            "0": 0.21745716035366058,
            "1": 0.8631613850593567
        }
    }
}