{
    "confidence_score": 0.7919467687606812,
    "ptm": 0.8016478419303894,
    "iptm": 0.5687468647956848,
    "ligand_iptm": 0.0,
    "protein_iptm": 0.5687468647956848,
    "complex_plddt": 0.847746729850769,
    "complex_iplddt": 0.8249552845954895,
    "complex_pde": 0.7564561367034912,
    "complex_ipde": 8.259489059448242,
    "chains_ptm": {
        "0": 0.9582052826881409,
        "1": 0.9143221378326416
    },
    "pair_chains_iptm": {
        "0": {
            "0": 0.9582052826881409,
            "1": 0.5687468647956848
        },
        "1": {
            "0": 0.5057927370071411,
            "1": 0.9143221378326416
        }
    }
}