{
    "confidence_score": 0.7185372710227966,
    "ptm": 0.7406849265098572,
    "iptm": 0.3851724863052368,
    "ligand_iptm": 0.0,
    "protein_iptm": 0.3851724863052368,
    "complex_plddt": 0.8018784523010254,
    "complex_iplddt": 0.7871298789978027,
    "complex_pde": 0.8515745997428894,
    "complex_ipde": 13.52409839630127,
    "chains_ptm": {
        "0": 0.9469966888427734,
        "1": 0.9071089625358582
    },
    "pair_chains_iptm": {
        "0": {
            "0": 0.9469966888427734,
            "1": 0.3851724863052368
        },
        "1": {
            "0": 0.37678593397140503,
            "1": 0.9071089625358582
        }
    }
}