{
    "confidence_score": 0.7734405994415283,
    "ptm": 0.7492992281913757,
    "iptm": 0.43310651183128357,
    "ligand_iptm": 0.0,
    "protein_iptm": 0.43310651183128357,
    "complex_plddt": 0.8585241436958313,
    "complex_iplddt": 0.8264285922050476,
    "complex_pde": 0.84791499376297,
    "complex_ipde": 11.143908500671387,
    "chains_ptm": {
        "0": 0.9555022120475769,
        "1": 0.8983945846557617
    },
    "pair_chains_iptm": {
        "0": {
            "0": 0.9555022120475769,
            "1": 0.43310651183128357
        },
        "1": {
            "0": 0.41732385754585266,
            "1": 0.8983945846557617
        }
    }
}