{
    "confidence_score": 0.8082343935966492,
    "ptm": 0.8780784010887146,
    "iptm": 0.7500364184379578,
    "ligand_iptm": 0.0,
    "protein_iptm": 0.7500364184379578,
    "complex_plddt": 0.822783887386322,
    "complex_iplddt": 0.7338860630989075,
    "complex_pde": 0.584116518497467,
    "complex_ipde": 4.055694580078125,
    "chains_ptm": {
        "0": 0.9605019092559814,
        "1": 0.9384639859199524
    },
    "pair_chains_iptm": {
        "0": {
            "0": 0.9605019092559814,
            "1": 0.7500364184379578
        },
        "1": {
            "0": 0.7423639297485352,
            "1": 0.9384639859199524
        }
    }
}