{
    "confidence_score": 0.8177289962768555,
    "ptm": 0.8434389233589172,
    "iptm": 0.7219955921173096,
    "ligand_iptm": 0.0,
    "protein_iptm": 0.7219955921173096,
    "complex_plddt": 0.8416624069213867,
    "complex_iplddt": 0.8236950635910034,
    "complex_pde": 0.7463083267211914,
    "complex_ipde": 5.717994689941406,
    "chains_ptm": {
        "0": 0.9601430892944336,
        "1": 0.9035012125968933
    },
    "pair_chains_iptm": {
        "0": {
            "0": 0.9601430892944336,
            "1": 0.7219955921173096
        },
        "1": {
            "0": 0.6826999187469482,
            "1": 0.9035012125968933
        }
    }
}