{
    "confidence_score": 0.7804116010665894,
    "ptm": 0.7452083826065063,
    "iptm": 0.5707688331604004,
    "ligand_iptm": 0.0,
    "protein_iptm": 0.5707688331604004,
    "complex_plddt": 0.8328222632408142,
    "complex_iplddt": 0.7890601754188538,
    "complex_pde": 1.0804156064987183,
    "complex_ipde": 7.975103855133057,
    "chains_ptm": {
        "0": 0.9598693251609802,
        "1": 0.8291940689086914
    },
    "pair_chains_iptm": {
        "0": {
            "0": 0.9598693251609802,
            "1": 0.5707688331604004
        },
        "1": {
            "0": 0.4971504509449005,
            "1": 0.8291940689086914
        }
    }
}