{
    "confidence_score": 0.7039145827293396,
    "ptm": 0.7658905982971191,
    "iptm": 0.396154522895813,
    "ligand_iptm": 0.0,
    "protein_iptm": 0.396154522895813,
    "complex_plddt": 0.7808545827865601,
    "complex_iplddt": 0.758324921131134,
    "complex_pde": 0.7433918714523315,
    "complex_ipde": 10.800149917602539,
    "chains_ptm": {
        "0": 0.9587588310241699,
        "1": 0.923426628112793
    },
    "pair_chains_iptm": {
        "0": {
            "0": 0.9587588310241699,
            "1": 0.396154522895813
        },
        "1": {
            "0": 0.3540046215057373,
            "1": 0.923426628112793
        }
    }
}