{
    "confidence_score": 0.7188683748245239,
    "ptm": 0.7349933981895447,
    "iptm": 0.28083837032318115,
    "ligand_iptm": 0.0,
    "protein_iptm": 0.28083837032318115,
    "complex_plddt": 0.8283758759498596,
    "complex_iplddt": 0.7933241128921509,
    "complex_pde": 0.7913110256195068,
    "complex_ipde": 13.490683555603027,
    "chains_ptm": {
        "0": 0.9568268060684204,
        "1": 0.9440085887908936
    },
    "pair_chains_iptm": {
        "0": {
            "0": 0.9568268060684204,
            "1": 0.28083837032318115
        },
        "1": {
            "0": 0.27810028195381165,
            "1": 0.9440085887908936
        }
    }
}