{
    "confidence_score": 0.6477100253105164,
    "ptm": 0.6759507656097412,
    "iptm": 0.15480299293994904,
    "ligand_iptm": 0.0,
    "protein_iptm": 0.15480299293994904,
    "complex_plddt": 0.7709367871284485,
    "complex_iplddt": 0.709445059299469,
    "complex_pde": 1.1185904741287231,
    "complex_ipde": 15.465153694152832,
    "chains_ptm": {
        "0": 0.9382104873657227,
        "1": 0.8894174695014954
    },
    "pair_chains_iptm": {
        "0": {
            "0": 0.9382104873657227,
            "1": 0.14149059355258942
        },
        "1": {
            "0": 0.15480299293994904,
            "1": 0.8894174695014954
        }
    }
}