{
    "confidence_score": 0.6880843043327332,
    "ptm": 0.7506265044212341,
    "iptm": 0.4469277858734131,
    "ligand_iptm": 0.0,
    "protein_iptm": 0.4469277858734131,
    "complex_plddt": 0.7483734488487244,
    "complex_iplddt": 0.6353068947792053,
    "complex_pde": 0.9787133932113647,
    "complex_ipde": 9.973613739013672,
    "chains_ptm": {
        "0": 0.9561564922332764,
        "1": 0.880739152431488
    },
    "pair_chains_iptm": {
        "0": {
            "0": 0.9561564922332764,
            "1": 0.4469277858734131
        },
        "1": {
            "0": 0.4070773124694824,
            "1": 0.880739152431488
        }
    }
}