{
    "confidence_score": 0.7681966423988342,
    "ptm": 0.6921975612640381,
    "iptm": 0.24401000142097473,
    "ligand_iptm": 0.0,
    "protein_iptm": 0.24401000142097473,
    "complex_plddt": 0.8992432951927185,
    "complex_iplddt": 0.838604211807251,
    "complex_pde": 0.675064206123352,
    "complex_ipde": 11.86526107788086,
    "chains_ptm": {
        "0": 0.9569616913795471,
        "1": 0.9756584763526917
    },
    "pair_chains_iptm": {
        "0": {
            "0": 0.9569616913795471,
            "1": 0.20149114727973938
        },
        "1": {
            "0": 0.24401000142097473,
            "1": 0.9756584763526917
        }
    }
}