{
    "confidence_score": 0.6671050190925598,
    "ptm": 0.6977254748344421,
    "iptm": 0.266763299703598,
    "ligand_iptm": 0.0,
    "protein_iptm": 0.266763299703598,
    "complex_plddt": 0.7671904563903809,
    "complex_iplddt": 0.7389439940452576,
    "complex_pde": 1.0509600639343262,
    "complex_ipde": 13.000859260559082,
    "chains_ptm": {
        "0": 0.9638339281082153,
        "1": 0.8735004663467407
    },
    "pair_chains_iptm": {
        "0": {
            "0": 0.9638339281082153,
            "1": 0.266763299703598
        },
        "1": {
            "0": 0.25281089544296265,
            "1": 0.8735004663467407
        }
    }
}