{
    "confidence_score": 0.666983425617218,
    "ptm": 0.7278274297714233,
    "iptm": 0.22838838398456573,
    "ligand_iptm": 0.0,
    "protein_iptm": 0.22838838398456573,
    "complex_plddt": 0.7766321897506714,
    "complex_iplddt": 0.7835887670516968,
    "complex_pde": 0.8086937069892883,
    "complex_ipde": 13.381672859191895,
    "chains_ptm": {
        "0": 0.96075838804245,
        "1": 0.9342138171195984
    },
    "pair_chains_iptm": {
        "0": {
            "0": 0.96075838804245,
            "1": 0.22195638716220856
        },
        "1": {
            "0": 0.22838838398456573,
            "1": 0.9342138171195984
        }
    }
}