{
    "confidence_score": 0.6979932188987732,
    "ptm": 0.7414541840553284,
    "iptm": 0.33053386211395264,
    "ligand_iptm": 0.0,
    "protein_iptm": 0.33053386211395264,
    "complex_plddt": 0.7898579835891724,
    "complex_iplddt": 0.7886634469032288,
    "complex_pde": 0.7964169979095459,
    "complex_ipde": 12.623114585876465,
    "chains_ptm": {
        "0": 0.9501091837882996,
        "1": 0.9117751121520996
    },
    "pair_chains_iptm": {
        "0": {
            "0": 0.9501091837882996,
            "1": 0.33053386211395264
        },
        "1": {
            "0": 0.2940778136253357,
            "1": 0.9117751121520996
        }
    }
}