{
    "confidence_score": 0.7418696284294128,
    "ptm": 0.736624002456665,
    "iptm": 0.2910486161708832,
    "ligand_iptm": 0.0,
    "protein_iptm": 0.2910486161708832,
    "complex_plddt": 0.8545749187469482,
    "complex_iplddt": 0.8309088349342346,
    "complex_pde": 0.7536786198616028,
    "complex_ipde": 12.888691902160645,
    "chains_ptm": {
        "0": 0.9609083533287048,
        "1": 0.9354841709136963
    },
    "pair_chains_iptm": {
        "0": {
            "0": 0.9609083533287048,
            "1": 0.2906016707420349
        },
        "1": {
            "0": 0.2910486161708832,
            "1": 0.9354841709136963
        }
    }
}