{
    "confidence_score": 0.7588416337966919,
    "ptm": 0.7814216017723083,
    "iptm": 0.4364891052246094,
    "ligand_iptm": 0.0,
    "protein_iptm": 0.4364891052246094,
    "complex_plddt": 0.8394297361373901,
    "complex_iplddt": 0.8056284785270691,
    "complex_pde": 0.7546526789665222,
    "complex_ipde": 10.123434066772461,
    "chains_ptm": {
        "0": 0.9582406878471375,
        "1": 0.9402857422828674
    },
    "pair_chains_iptm": {
        "0": {
            "0": 0.9582406878471375,
            "1": 0.4364891052246094
        },
        "1": {
            "0": 0.40522611141204834,
            "1": 0.9402857422828674
        }
    }
}