{
    "confidence_score": 0.7617504596710205,
    "ptm": 0.8527460694313049,
    "iptm": 0.6548640131950378,
    "ligand_iptm": 0.0,
    "protein_iptm": 0.6548640131950378,
    "complex_plddt": 0.788472056388855,
    "complex_iplddt": 0.7586126923561096,
    "complex_pde": 0.6263840198516846,
    "complex_ipde": 7.4447126388549805,
    "chains_ptm": {
        "0": 0.9608922004699707,
        "1": 0.93784499168396
    },
    "pair_chains_iptm": {
        "0": {
            "0": 0.9608922004699707,
            "1": 0.6548640131950378
        },
        "1": {
            "0": 0.5778511762619019,
            "1": 0.93784499168396
        }
    }
}