{
    "confidence_score": 0.6912768483161926,
    "ptm": 0.7367435693740845,
    "iptm": 0.3838120698928833,
    "ligand_iptm": 0.0,
    "protein_iptm": 0.3838120698928833,
    "complex_plddt": 0.7681429982185364,
    "complex_iplddt": 0.7339179515838623,
    "complex_pde": 0.9396199584007263,
    "complex_ipde": 11.138675689697266,
    "chains_ptm": {
        "0": 0.9523761868476868,
        "1": 0.8807433843612671
    },
    "pair_chains_iptm": {
        "0": {
            "0": 0.9523761868476868,
            "1": 0.3838120698928833
        },
        "1": {
            "0": 0.34549784660339355,
            "1": 0.8807433843612671
        }
    }
}