{
    "confidence_score": 0.7182565331459045,
    "ptm": 0.6967686414718628,
    "iptm": 0.2786045968532562,
    "ligand_iptm": 0.0,
    "protein_iptm": 0.2786045968532562,
    "complex_plddt": 0.8281695246696472,
    "complex_iplddt": 0.7853811979293823,
    "complex_pde": 0.9177711606025696,
    "complex_ipde": 13.549631118774414,
    "chains_ptm": {
        "0": 0.9529542922973633,
        "1": 0.8972670435905457
    },
    "pair_chains_iptm": {
        "0": {
            "0": 0.9529542922973633,
            "1": 0.27051296830177307
        },
        "1": {
            "0": 0.2786045968532562,
            "1": 0.8972670435905457
        }
    }
}