{
    "confidence_score": 0.6620814800262451,
    "ptm": 0.6794989109039307,
    "iptm": 0.22982119023799896,
    "ligand_iptm": 0.0,
    "protein_iptm": 0.22982119023799896,
    "complex_plddt": 0.7701465487480164,
    "complex_iplddt": 0.7026761174201965,
    "complex_pde": 1.1040676832199097,
    "complex_ipde": 13.494321823120117,
    "chains_ptm": {
        "0": 0.9572097659111023,
        "1": 0.8627809882164001
    },
    "pair_chains_iptm": {
        "0": {
            "0": 0.9572097659111023,
            "1": 0.22982119023799896
        },
        "1": {
            "0": 0.228363499045372,
            "1": 0.8627809882164001
        }
    }
}