{
    "confidence_score": 0.8133888244628906,
    "ptm": 0.8252835273742676,
    "iptm": 0.7086986899375916,
    "ligand_iptm": 0.0,
    "protein_iptm": 0.7086986899375916,
    "complex_plddt": 0.839561402797699,
    "complex_iplddt": 0.8182649612426758,
    "complex_pde": 0.7557227611541748,
    "complex_ipde": 5.669714450836182,
    "chains_ptm": {
        "0": 0.9667356610298157,
        "1": 0.8844866156578064
    },
    "pair_chains_iptm": {
        "0": {
            "0": 0.9667356610298157,
            "1": 0.7086986899375916
        },
        "1": {
            "0": 0.6476782560348511,
            "1": 0.8844866156578064
        }
    }
}