{
    "confidence_score": 0.8361063003540039,
    "ptm": 0.8426867127418518,
    "iptm": 0.7707857489585876,
    "ligand_iptm": 0.0,
    "protein_iptm": 0.7707857489585876,
    "complex_plddt": 0.8524364829063416,
    "complex_iplddt": 0.8136806488037109,
    "complex_pde": 0.7602822780609131,
    "complex_ipde": 4.76626443862915,
    "chains_ptm": {
        "0": 0.9639211893081665,
        "1": 0.8791574835777283
    },
    "pair_chains_iptm": {
        "0": {
            "0": 0.9639211893081665,
            "1": 0.7707857489585876
        },
        "1": {
            "0": 0.6920515298843384,
            "1": 0.8791574835777283
        }
    }
}