{
    "confidence_score": 0.8603973388671875,
    "ptm": 0.8386914730072021,
    "iptm": 0.6743783950805664,
    "ligand_iptm": 0.0,
    "protein_iptm": 0.6743783950805664,
    "complex_plddt": 0.906902015209198,
    "complex_iplddt": 0.8567746877670288,
    "complex_pde": 0.4808019697666168,
    "complex_ipde": 4.076623916625977,
    "chains_ptm": {
        "0": 0.9868119359016418,
        "1": 0.9902017116546631,
        "2": 0.9750743508338928
    },
    "pair_chains_iptm": {
        "0": {
            "0": 0.9868119359016418,
            "1": 0.948482871055603,
            "2": 0.6190543174743652
        },
        "1": {
            "0": 0.9547714591026306,
            "1": 0.9902017116546631,
            "2": 0.591560423374176
        },
        "2": {
            "0": 0.6030493974685669,
            "1": 0.5757275223731995,
            "2": 0.9750743508338928
        }
    }
}