{
    "confidence_score": 0.6890309453010559,
    "ptm": 0.6503852605819702,
    "iptm": 0.18949542939662933,
    "ligand_iptm": 0.0,
    "protein_iptm": 0.18949542939662933,
    "complex_plddt": 0.8139148354530334,
    "complex_iplddt": 0.7894186973571777,
    "complex_pde": 1.1045597791671753,
    "complex_ipde": 13.879608154296875,
    "chains_ptm": {
        "0": 0.9465768933296204,
        "1": 0.87137770652771
    },
    "pair_chains_iptm": {
        "0": {
            "0": 0.9465768933296204,
            "1": 0.17658638954162598
        },
        "1": {
            "0": 0.18949542939662933,
            "1": 0.87137770652771
        }
    }
}