{
    "confidence_score": 0.7925614714622498,
    "ptm": 0.8225180506706238,
    "iptm": 0.6345809102058411,
    "ligand_iptm": 0.0,
    "protein_iptm": 0.6345809102058411,
    "complex_plddt": 0.8320565819740295,
    "complex_iplddt": 0.7820488214492798,
    "complex_pde": 0.7437430620193481,
    "complex_ipde": 7.233509540557861,
    "chains_ptm": {
        "0": 0.9547597169876099,
        "1": 0.9097461104393005
    },
    "pair_chains_iptm": {
        "0": {
            "0": 0.9547597169876099,
            "1": 0.6345809102058411
        },
        "1": {
            "0": 0.5994877219200134,
            "1": 0.9097461104393005
        }
    }
}