{
    "confidence_score": 0.6656636595726013,
    "ptm": 0.6786701679229736,
    "iptm": 0.24385929107666016,
    "ligand_iptm": 0.0,
    "protein_iptm": 0.24385929107666016,
    "complex_plddt": 0.771114706993103,
    "complex_iplddt": 0.7735833525657654,
    "complex_pde": 1.0861785411834717,
    "complex_ipde": 12.869556427001953,
    "chains_ptm": {
        "0": 0.9539839029312134,
        "1": 0.8549811840057373
    },
    "pair_chains_iptm": {
        "0": {
            "0": 0.9539839029312134,
            "1": 0.24385929107666016
        },
        "1": {
            "0": 0.23814041912555695,
            "1": 0.8549811840057373
        }
    }
}