{
    "confidence_score": 0.7815422415733337,
    "ptm": 0.7459844946861267,
    "iptm": 0.5960531234741211,
    "ligand_iptm": 0.0,
    "protein_iptm": 0.5960531234741211,
    "complex_plddt": 0.8279145359992981,
    "complex_iplddt": 0.7024734020233154,
    "complex_pde": 0.8801950216293335,
    "complex_ipde": 7.248799800872803,
    "chains_ptm": {
        "0": 0.9459787011146545,
        "1": 0.8841924667358398
    },
    "pair_chains_iptm": {
        "0": {
            "0": 0.9459787011146545,
            "1": 0.5960531234741211
        },
        "1": {
            "0": 0.46428582072257996,
            "1": 0.8841924667358398
        }
    }
}