{
    "confidence_score": 0.832880437374115,
    "ptm": 0.7694883942604065,
    "iptm": 0.5489273071289062,
    "ligand_iptm": 0.0,
    "protein_iptm": 0.5489273071289062,
    "complex_plddt": 0.9038686156272888,
    "complex_iplddt": 0.8380033373832703,
    "complex_pde": 0.6023902893066406,
    "complex_ipde": 5.491965293884277,
    "chains_ptm": {
        "0": 0.9765198826789856,
        "1": 0.9876227378845215,
        "2": 0.9711694121360779
    },
    "pair_chains_iptm": {
        "0": {
            "0": 0.9765198826789856,
            "1": 0.9354084134101868,
            "2": 0.44599148631095886
        },
        "1": {
            "0": 0.945095956325531,
            "1": 0.9876227378845215,
            "2": 0.39373475313186646
        },
        "2": {
            "0": 0.46882063150405884,
            "1": 0.419554203748703,
            "2": 0.9711694121360779
        }
    }
}