{
    "confidence_score": 0.7049400210380554,
    "ptm": 0.6399316787719727,
    "iptm": 0.20483581721782684,
    "ligand_iptm": 0.0,
    "protein_iptm": 0.20483581721782684,
    "complex_plddt": 0.8299660682678223,
    "complex_iplddt": 0.775809645652771,
    "complex_pde": 1.110492467880249,
    "complex_ipde": 14.180904388427734,
    "chains_ptm": {
        "0": 0.9542770385742188,
        "1": 0.8468724489212036
    },
    "pair_chains_iptm": {
        "0": {
            "0": 0.9542770385742188,
            "1": 0.20014257729053497
        },
        "1": {
            "0": 0.20483581721782684,
            "1": 0.8468724489212036
        }
    }
}