{
    "confidence_score": 0.7188044190406799,
    "ptm": 0.6408166885375977,
    "iptm": 0.23494185507297516,
    "ligand_iptm": 0.0,
    "protein_iptm": 0.23494185507297516,
    "complex_plddt": 0.8397700190544128,
    "complex_iplddt": 0.8033145070075989,
    "complex_pde": 1.0681428909301758,
    "complex_ipde": 14.430839538574219,
    "chains_ptm": {
        "0": 0.947163462638855,
        "1": 0.8324363827705383
    },
    "pair_chains_iptm": {
        "0": {
            "0": 0.947163462638855,
            "1": 0.23494185507297516
        },
        "1": {
            "0": 0.20815259218215942,
            "1": 0.8324363827705383
        }
    }
}