{
    "confidence_score": 0.7737788558006287,
    "ptm": 0.7683690786361694,
    "iptm": 0.4977279603481293,
    "ligand_iptm": 0.0,
    "protein_iptm": 0.4977279603481293,
    "complex_plddt": 0.8427916169166565,
    "complex_iplddt": 0.8101950883865356,
    "complex_pde": 0.7822246551513672,
    "complex_ipde": 9.881900787353516,
    "chains_ptm": {
        "0": 0.9538453221321106,
        "1": 0.8973258137702942
    },
    "pair_chains_iptm": {
        "0": {
            "0": 0.9538453221321106,
            "1": 0.4977279603481293
        },
        "1": {
            "0": 0.43540284037590027,
            "1": 0.8973258137702942
        }
    }
}