{
    "confidence_score": 0.8662481307983398,
    "ptm": 0.8525673151016235,
    "iptm": 0.7040717601776123,
    "ligand_iptm": 0.0,
    "protein_iptm": 0.7040717601776123,
    "complex_plddt": 0.9067922830581665,
    "complex_iplddt": 0.8414917588233948,
    "complex_pde": 0.5200279951095581,
    "complex_ipde": 3.606330633163452,
    "chains_ptm": {
        "0": 0.9788395762443542,
        "1": 0.9875162243843079,
        "2": 0.9695901274681091
    },
    "pair_chains_iptm": {
        "0": {
            "0": 0.9788395762443542,
            "1": 0.9417304396629333,
            "2": 0.6757609844207764
        },
        "1": {
            "0": 0.9486441016197205,
            "1": 0.9875162243843079,
            "2": 0.6384313106536865
        },
        "2": {
            "0": 0.6593866348266602,
            "1": 0.6292321085929871,
            "2": 0.9695901274681091
        }
    }
}