{
    "confidence_score": 0.7430901527404785,
    "ptm": 0.7503154277801514,
    "iptm": 0.6184723973274231,
    "ligand_iptm": 0.0,
    "protein_iptm": 0.6184723973274231,
    "complex_plddt": 0.7742446064949036,
    "complex_iplddt": 0.7773430347442627,
    "complex_pde": 1.2132835388183594,
    "complex_ipde": 6.675346374511719,
    "chains_ptm": {
        "0": 0.9541724324226379,
        "1": 0.8134877681732178
    },
    "pair_chains_iptm": {
        "0": {
            "0": 0.9541724324226379,
            "1": 0.6184723973274231
        },
        "1": {
            "0": 0.489300400018692,
            "1": 0.8134877681732178
        }
    }
}