{
    "confidence_score": 0.7772881388664246,
    "ptm": 0.7996525168418884,
    "iptm": 0.723894476890564,
    "ligand_iptm": 0.0,
    "protein_iptm": 0.723894476890564,
    "complex_plddt": 0.7906365394592285,
    "complex_iplddt": 0.7836058139801025,
    "complex_pde": 1.0460796356201172,
    "complex_ipde": 5.999032020568848,
    "chains_ptm": {
        "0": 0.9661621451377869,
        "1": 0.8343282341957092
    },
    "pair_chains_iptm": {
        "0": {
            "0": 0.9661621451377869,
            "1": 0.723894476890564
        },
        "1": {
            "0": 0.6210600137710571,
            "1": 0.8343282341957092
        }
    }
}