{
    "confidence_score": 0.6652742624282837,
    "ptm": 0.6151410341262817,
    "iptm": 0.1958509385585785,
    "ligand_iptm": 0.0,
    "protein_iptm": 0.1958509385585785,
    "complex_plddt": 0.7826300859451294,
    "complex_iplddt": 0.7384690046310425,
    "complex_pde": 1.3986717462539673,
    "complex_ipde": 14.670172691345215,
    "chains_ptm": {
        "0": 0.9558758735656738,
        "1": 0.7939757108688354
    },
    "pair_chains_iptm": {
        "0": {
            "0": 0.9558758735656738,
            "1": 0.1865271031856537
        },
        "1": {
            "0": 0.1958509385585785,
            "1": 0.7939757108688354
        }
    }
}