{
    "confidence_score": 0.7866142988204956,
    "ptm": 0.6966721415519714,
    "iptm": 0.29575809836387634,
    "ligand_iptm": 0.0,
    "protein_iptm": 0.29575809836387634,
    "complex_plddt": 0.9093283414840698,
    "complex_iplddt": 0.8802036046981812,
    "complex_pde": 0.6541742086410522,
    "complex_ipde": 11.981106758117676,
    "chains_ptm": {
        "0": 0.9583471417427063,
        "1": 0.9762055277824402
    },
    "pair_chains_iptm": {
        "0": {
            "0": 0.9583471417427063,
            "1": 0.2408752590417862
        },
        "1": {
            "0": 0.29575809836387634,
            "1": 0.9762055277824402
        }
    }
}