{
    "confidence_score": 0.7205451130867004,
    "ptm": 0.7587741017341614,
    "iptm": 0.42660707235336304,
    "ligand_iptm": 0.0,
    "protein_iptm": 0.42660707235336304,
    "complex_plddt": 0.7940295934677124,
    "complex_iplddt": 0.7433978915214539,
    "complex_pde": 0.8427304625511169,
    "complex_ipde": 9.727080345153809,
    "chains_ptm": {
        "0": 0.9663364291191101,
        "1": 0.9004867672920227
    },
    "pair_chains_iptm": {
        "0": {
            "0": 0.9663364291191101,
            "1": 0.42660707235336304
        },
        "1": {
            "0": 0.3674900531768799,
            "1": 0.9004867672920227
        }
    }
}