{
    "confidence_score": 0.7103642821311951,
    "ptm": 0.6380581855773926,
    "iptm": 0.17063522338867188,
    "ligand_iptm": 0.0,
    "protein_iptm": 0.17063522338867188,
    "complex_plddt": 0.8452965617179871,
    "complex_iplddt": 0.7915499210357666,
    "complex_pde": 1.0998398065567017,
    "complex_ipde": 15.221936225891113,
    "chains_ptm": {
        "0": 0.9520240426063538,
        "1": 0.8676397204399109
    },
    "pair_chains_iptm": {
        "0": {
            "0": 0.9520240426063538,
            "1": 0.16053451597690582
        },
        "1": {
            "0": 0.17063522338867188,
            "1": 0.8676397204399109
        }
    }
}