{
    "confidence_score": 0.7587808966636658,
    "ptm": 0.8885133862495422,
    "iptm": 0.7003151774406433,
    "ligand_iptm": 0.0,
    "protein_iptm": 0.7003151774406433,
    "complex_plddt": 0.7733973264694214,
    "complex_iplddt": 0.7286078929901123,
    "complex_pde": 0.5407176613807678,
    "complex_ipde": 6.986576080322266,
    "chains_ptm": {
        "0": 0.9664855599403381,
        "1": 0.9667148590087891
    },
    "pair_chains_iptm": {
        "0": {
            "0": 0.9664855599403381,
            "1": 0.7003151774406433
        },
        "1": {
            "0": 0.6579867601394653,
            "1": 0.9667148590087891
        }
    }
}