{
    "confidence_score": 0.707834780216217,
    "ptm": 0.7815064191818237,
    "iptm": 0.4833848178386688,
    "ligand_iptm": 0.0,
    "protein_iptm": 0.4833848178386688,
    "complex_plddt": 0.7639472484588623,
    "complex_iplddt": 0.6715483665466309,
    "complex_pde": 0.8243739008903503,
    "complex_ipde": 10.049129486083984,
    "chains_ptm": {
        "0": 0.966179609298706,
        "1": 0.9108635187149048
    },
    "pair_chains_iptm": {
        "0": {
            "0": 0.966179609298706,
            "1": 0.4833848178386688
        },
        "1": {
            "0": 0.4433225691318512,
            "1": 0.9108635187149048
        }
    }
}