{
    "confidence_score": 0.807839572429657,
    "ptm": 0.7078011631965637,
    "iptm": 0.37891077995300293,
    "ligand_iptm": 0.0,
    "protein_iptm": 0.37891077995300293,
    "complex_plddt": 0.9150717258453369,
    "complex_iplddt": 0.8927043080329895,
    "complex_pde": 0.5589739084243774,
    "complex_ipde": 6.895081043243408,
    "chains_ptm": {
        "0": 0.9834654331207275,
        "1": 0.9906035661697388,
        "2": 0.9799145460128784
    },
    "pair_chains_iptm": {
        "0": {
            "0": 0.9834654331207275,
            "1": 0.9402136206626892,
            "2": 0.2533135712146759
        },
        "1": {
            "0": 0.9453009963035583,
            "1": 0.9906035661697388,
            "2": 0.23563550412654877
        },
        "2": {
            "0": 0.21199338138103485,
            "1": 0.2176237851381302,
            "2": 0.9799145460128784
        }
    }
}