{
    "confidence_score": 0.694081723690033,
    "ptm": 0.6212665438652039,
    "iptm": 0.190480574965477,
    "ligand_iptm": 0.0,
    "protein_iptm": 0.190480574965477,
    "complex_plddt": 0.8199819922447205,
    "complex_iplddt": 0.7506165504455566,
    "complex_pde": 1.1705459356307983,
    "complex_ipde": 14.547688484191895,
    "chains_ptm": {
        "0": 0.9477893710136414,
        "1": 0.8262351751327515
    },
    "pair_chains_iptm": {
        "0": {
            "0": 0.9477893710136414,
            "1": 0.18866436183452606
        },
        "1": {
            "0": 0.190480574965477,
            "1": 0.8262351751327515
        }
    }
}