{
    "confidence_score": 0.7315327525138855,
    "ptm": 0.7099959254264832,
    "iptm": 0.2782258987426758,
    "ligand_iptm": 0.0,
    "protein_iptm": 0.2782258987426758,
    "complex_plddt": 0.8448594212532043,
    "complex_iplddt": 0.8136439919471741,
    "complex_pde": 0.8538030982017517,
    "complex_ipde": 13.841838836669922,
    "chains_ptm": {
        "0": 0.9556145668029785,
        "1": 0.9106398224830627
    },
    "pair_chains_iptm": {
        "0": {
            "0": 0.9556145668029785,
            "1": 0.2773686647415161
        },
        "1": {
            "0": 0.2782258987426758,
            "1": 0.9106398224830627
        }
    }
}