{
    "confidence_score": 0.6523932814598083,
    "ptm": 0.6501251459121704,
    "iptm": 0.2035740166902542,
    "ligand_iptm": 0.0,
    "protein_iptm": 0.2035740166902542,
    "complex_plddt": 0.7645980715751648,
    "complex_iplddt": 0.7011488676071167,
    "complex_pde": 1.185207724571228,
    "complex_ipde": 15.227044105529785,
    "chains_ptm": {
        "0": 0.9608026146888733,
        "1": 0.835399329662323
    },
    "pair_chains_iptm": {
        "0": {
            "0": 0.9608026146888733,
            "1": 0.18442203104496002
        },
        "1": {
            "0": 0.2035740166902542,
            "1": 0.835399329662323
        }
    }
}