{
    "confidence_score": 0.7513921856880188,
    "ptm": 0.676414430141449,
    "iptm": 0.2822003662586212,
    "ligand_iptm": 0.0,
    "protein_iptm": 0.2822003662586212,
    "complex_plddt": 0.8686901330947876,
    "complex_iplddt": 0.8150811791419983,
    "complex_pde": 0.9858251810073853,
    "complex_ipde": 14.088827133178711,
    "chains_ptm": {
        "0": 0.9488060474395752,
        "1": 0.8637399673461914
    },
    "pair_chains_iptm": {
        "0": {
            "0": 0.9488060474395752,
            "1": 0.2822003662586212
        },
        "1": {
            "0": 0.26074740290641785,
            "1": 0.8637399673461914
        }
    }
}