{
    "confidence_score": 0.7541552782058716,
    "ptm": 0.6875719428062439,
    "iptm": 0.3589892089366913,
    "ligand_iptm": 0.0,
    "protein_iptm": 0.3589892089366913,
    "complex_plddt": 0.8529467582702637,
    "complex_iplddt": 0.8179488182067871,
    "complex_pde": 1.0836533308029175,
    "complex_ipde": 11.802267074584961,
    "chains_ptm": {
        "0": 0.9480851888656616,
        "1": 0.846084713935852
    },
    "pair_chains_iptm": {
        "0": {
            "0": 0.9480851888656616,
            "1": 0.3589892089366913
        },
        "1": {
            "0": 0.3113304376602173,
            "1": 0.846084713935852
        }
    }
}