{
    "confidence_score": 0.817315399646759,
    "ptm": 0.846892237663269,
    "iptm": 0.7394551634788513,
    "ligand_iptm": 0.0,
    "protein_iptm": 0.7394551634788513,
    "complex_plddt": 0.8367804288864136,
    "complex_iplddt": 0.8013128042221069,
    "complex_pde": 0.768819272518158,
    "complex_ipde": 6.890605926513672,
    "chains_ptm": {
        "0": 0.9515049457550049,
        "1": 0.9010006189346313
    },
    "pair_chains_iptm": {
        "0": {
            "0": 0.9515049457550049,
            "1": 0.7394551634788513
        },
        "1": {
            "0": 0.6611778140068054,
            "1": 0.9010006189346313
        }
    }
}