{
    "confidence_score": 0.7010325789451599,
    "ptm": 0.7836708426475525,
    "iptm": 0.36693665385246277,
    "ligand_iptm": 0.0,
    "protein_iptm": 0.36693665385246277,
    "complex_plddt": 0.7845565676689148,
    "complex_iplddt": 0.778820276260376,
    "complex_pde": 0.6972704529762268,
    "complex_ipde": 10.210729598999023,
    "chains_ptm": {
        "0": 0.9568530321121216,
        "1": 0.9536169171333313
    },
    "pair_chains_iptm": {
        "0": {
            "0": 0.9568530321121216,
            "1": 0.36693665385246277
        },
        "1": {
            "0": 0.34740519523620605,
            "1": 0.9536169171333313
        }
    }
}