{
    "confidence_score": 0.6561581492424011,
    "ptm": 0.636747419834137,
    "iptm": 0.1896701157093048,
    "ligand_iptm": 0.0,
    "protein_iptm": 0.1896701157093048,
    "complex_plddt": 0.7727801203727722,
    "complex_iplddt": 0.7750372290611267,
    "complex_pde": 1.2923498153686523,
    "complex_ipde": 13.755864143371582,
    "chains_ptm": {
        "0": 0.9480342268943787,
        "1": 0.8205398917198181
    },
    "pair_chains_iptm": {
        "0": {
            "0": 0.9480342268943787,
            "1": 0.1896701157093048
        },
        "1": {
            "0": 0.18847259879112244,
            "1": 0.8205398917198181
        }
    }
}