{
    "confidence_score": 0.7589356303215027,
    "ptm": 0.8220099806785583,
    "iptm": 0.6276538372039795,
    "ligand_iptm": 0.0,
    "protein_iptm": 0.6276538372039795,
    "complex_plddt": 0.7917560338973999,
    "complex_iplddt": 0.7972744703292847,
    "complex_pde": 0.725943922996521,
    "complex_ipde": 8.347237586975098,
    "chains_ptm": {
        "0": 0.9748704433441162,
        "1": 0.9073717594146729
    },
    "pair_chains_iptm": {
        "0": {
            "0": 0.9748704433441162,
            "1": 0.6276538372039795
        },
        "1": {
            "0": 0.576020359992981,
            "1": 0.9073717594146729
        }
    }
}