{
    "confidence_score": 0.6730857491493225,
    "ptm": 0.70257169008255,
    "iptm": 0.29914990067481995,
    "ligand_iptm": 0.0,
    "protein_iptm": 0.29914990067481995,
    "complex_plddt": 0.7665696740150452,
    "complex_iplddt": 0.7636088132858276,
    "complex_pde": 1.0594782829284668,
    "complex_ipde": 11.690157890319824,
    "chains_ptm": {
        "0": 0.9636560082435608,
        "1": 0.8692611455917358
    },
    "pair_chains_iptm": {
        "0": {
            "0": 0.9636560082435608,
            "1": 0.29914990067481995
        },
        "1": {
            "0": 0.2676282227039337,
            "1": 0.8692611455917358
        }
    }
}