{
    "confidence_score": 0.8035754561424255,
    "ptm": 0.82835853099823,
    "iptm": 0.6811181306838989,
    "ligand_iptm": 0.0,
    "protein_iptm": 0.6811181306838989,
    "complex_plddt": 0.8341897130012512,
    "complex_iplddt": 0.8088921308517456,
    "complex_pde": 0.7685355544090271,
    "complex_ipde": 6.648988723754883,
    "chains_ptm": {
        "0": 0.9640230536460876,
        "1": 0.899127185344696
    },
    "pair_chains_iptm": {
        "0": {
            "0": 0.9640230536460876,
            "1": 0.6811181306838989
        },
        "1": {
            "0": 0.6322315335273743,
            "1": 0.899127185344696
        }
    }
}