{
    "confidence_score": 0.7856535911560059,
    "ptm": 0.8758088946342468,
    "iptm": 0.8225765824317932,
    "ligand_iptm": 0.0,
    "protein_iptm": 0.8225765824317932,
    "complex_plddt": 0.7764228582382202,
    "complex_iplddt": 0.7733141779899597,
    "complex_pde": 0.7442770004272461,
    "complex_ipde": 3.694383144378662,
    "chains_ptm": {
        "0": 0.9706317782402039,
        "1": 0.906335175037384
    },
    "pair_chains_iptm": {
        "0": {
            "0": 0.9706317782402039,
            "1": 0.8225765824317932
        },
        "1": {
            "0": 0.7369635701179504,
            "1": 0.906335175037384
        }
    }
}