{
    "confidence_score": 0.6655594706535339,
    "ptm": 0.6878519654273987,
    "iptm": 0.22935929894447327,
    "ligand_iptm": 0.0,
    "protein_iptm": 0.22935929894447327,
    "complex_plddt": 0.7746094465255737,
    "complex_iplddt": 0.7652437686920166,
    "complex_pde": 0.9437804222106934,
    "complex_ipde": 12.308080673217773,
    "chains_ptm": {
        "0": 0.9575098156929016,
        "1": 0.8765167593955994
    },
    "pair_chains_iptm": {
        "0": {
            "0": 0.9575098156929016,
            "1": 0.22880128026008606
        },
        "1": {
            "0": 0.22935929894447327,
            "1": 0.8765167593955994
        }
    }
}