{
    "confidence_score": 0.8087306022644043,
    "ptm": 0.8314459323883057,
    "iptm": 0.7426907420158386,
    "ligand_iptm": 0.0,
    "protein_iptm": 0.7426907420158386,
    "complex_plddt": 0.8252406120300293,
    "complex_iplddt": 0.8035209774971008,
    "complex_pde": 0.8177849650382996,
    "complex_ipde": 5.820692539215088,
    "chains_ptm": {
        "0": 0.949285626411438,
        "1": 0.8743613958358765
    },
    "pair_chains_iptm": {
        "0": {
            "0": 0.949285626411438,
            "1": 0.7426907420158386
        },
        "1": {
            "0": 0.6479979753494263,
            "1": 0.8743613958358765
        }
    }
}