{
    "confidence_score": 0.7735556960105896,
    "ptm": 0.755803644657135,
    "iptm": 0.4953516125679016,
    "ligand_iptm": 0.0,
    "protein_iptm": 0.4953516125679016,
    "complex_plddt": 0.843106746673584,
    "complex_iplddt": 0.8082603216171265,
    "complex_pde": 0.8748438954353333,
    "complex_ipde": 10.907122611999512,
    "chains_ptm": {
        "0": 0.9675196409225464,
        "1": 0.8822788000106812
    },
    "pair_chains_iptm": {
        "0": {
            "0": 0.9675196409225464,
            "1": 0.4953516125679016
        },
        "1": {
            "0": 0.46182164549827576,
            "1": 0.8822788000106812
        }
    }
}