{
    "confidence_score": 0.7446984648704529,
    "ptm": 0.704318642616272,
    "iptm": 0.2442362904548645,
    "ligand_iptm": 0.0,
    "protein_iptm": 0.2442362904548645,
    "complex_plddt": 0.8698139786720276,
    "complex_iplddt": 0.8359115719795227,
    "complex_pde": 0.8699343204498291,
    "complex_ipde": 13.953497886657715,
    "chains_ptm": {
        "0": 0.9542791247367859,
        "1": 0.9099801182746887
    },
    "pair_chains_iptm": {
        "0": {
            "0": 0.9542791247367859,
            "1": 0.2442362904548645
        },
        "1": {
            "0": 0.24317969381809235,
            "1": 0.9099801182746887
        }
    }
}