{
    "confidence_score": 0.7634817957878113,
    "ptm": 0.6948884725570679,
    "iptm": 0.2354189157485962,
    "ligand_iptm": 0.0,
    "protein_iptm": 0.2354189157485962,
    "complex_plddt": 0.8954975008964539,
    "complex_iplddt": 0.8295711874961853,
    "complex_pde": 0.6449397206306458,
    "complex_ipde": 11.832525253295898,
    "chains_ptm": {
        "0": 0.9504337310791016,
        "1": 0.9729986786842346
    },
    "pair_chains_iptm": {
        "0": {
            "0": 0.9504337310791016,
            "1": 0.2354189157485962
        },
        "1": {
            "0": 0.23341234028339386,
            "1": 0.9729986786842346
        }
    }
}