{
    "confidence_score": 0.7595056295394897,
    "ptm": 0.826775312423706,
    "iptm": 0.6621451377868652,
    "ligand_iptm": 0.0,
    "protein_iptm": 0.6621451377868652,
    "complex_plddt": 0.7838457226753235,
    "complex_iplddt": 0.7951647043228149,
    "complex_pde": 0.6592310070991516,
    "complex_ipde": 7.670444488525391,
    "chains_ptm": {
        "0": 0.9639031291007996,
        "1": 0.9025855660438538
    },
    "pair_chains_iptm": {
        "0": {
            "0": 0.9639031291007996,
            "1": 0.6621451377868652
        },
        "1": {
            "0": 0.6144447922706604,
            "1": 0.9025855660438538
        }
    }
}