{
    "confidence_score": 0.8101252913475037,
    "ptm": 0.8478772640228271,
    "iptm": 0.700309157371521,
    "ligand_iptm": 0.0,
    "protein_iptm": 0.700309157371521,
    "complex_plddt": 0.8375792503356934,
    "complex_iplddt": 0.8074728846549988,
    "complex_pde": 0.6371803283691406,
    "complex_ipde": 5.0712103843688965,
    "chains_ptm": {
        "0": 0.9647836685180664,
        "1": 0.9172775149345398
    },
    "pair_chains_iptm": {
        "0": {
            "0": 0.9647836685180664,
            "1": 0.700309157371521
        },
        "1": {
            "0": 0.660984218120575,
            "1": 0.9172775149345398
        }
    }
}