{
    "confidence_score": 0.8112998008728027,
    "ptm": 0.7089192867279053,
    "iptm": 0.4014204740524292,
    "ligand_iptm": 0.0,
    "protein_iptm": 0.4014204740524292,
    "complex_plddt": 0.9137696027755737,
    "complex_iplddt": 0.8727015256881714,
    "complex_pde": 0.6132446527481079,
    "complex_ipde": 7.165948390960693,
    "chains_ptm": {
        "0": 0.9773319959640503,
        "1": 0.9880770444869995,
        "2": 0.9766722321510315
    },
    "pair_chains_iptm": {
        "0": {
            "0": 0.9773319959640503,
            "1": 0.9206916093826294,
            "2": 0.22848543524742126
        },
        "1": {
            "0": 0.9264706969261169,
            "1": 0.9880770444869995,
            "2": 0.2252037227153778
        },
        "2": {
            "0": 0.243114173412323,
            "1": 0.247897207736969,
            "2": 0.9766722321510315
        }
    }
}