{
    "confidence_score": 0.7016577124595642,
    "ptm": 0.7692657113075256,
    "iptm": 0.372707337141037,
    "ligand_iptm": 0.0,
    "protein_iptm": 0.372707337141037,
    "complex_plddt": 0.7838953137397766,
    "complex_iplddt": 0.7822394967079163,
    "complex_pde": 0.7199104428291321,
    "complex_ipde": 9.436318397521973,
    "chains_ptm": {
        "0": 0.9600066542625427,
        "1": 0.9419662952423096
    },
    "pair_chains_iptm": {
        "0": {
            "0": 0.9600066542625427,
            "1": 0.372707337141037
        },
        "1": {
            "0": 0.34892892837524414,
            "1": 0.9419662952423096
        }
    }
}