{
    "confidence_score": 0.6936266422271729,
    "ptm": 0.7242377400398254,
    "iptm": 0.32445481419563293,
    "ligand_iptm": 0.0,
    "protein_iptm": 0.32445481419563293,
    "complex_plddt": 0.7859196066856384,
    "complex_iplddt": 0.7845544219017029,
    "complex_pde": 0.8754449486732483,
    "complex_ipde": 11.970499992370605,
    "chains_ptm": {
        "0": 0.9600896239280701,
        "1": 0.8981667757034302
    },
    "pair_chains_iptm": {
        "0": {
            "0": 0.9600896239280701,
            "1": 0.32445481419563293
        },
        "1": {
            "0": 0.2908558249473572,
            "1": 0.8981667757034302
        }
    }
}