{
    "confidence_score": 0.7632738947868347,
    "ptm": 0.7991632223129272,
    "iptm": 0.6315156817436218,
    "ligand_iptm": 0.0,
    "protein_iptm": 0.6315156817436218,
    "complex_plddt": 0.7962133884429932,
    "complex_iplddt": 0.7842387557029724,
    "complex_pde": 0.8142378926277161,
    "complex_ipde": 7.676813125610352,
    "chains_ptm": {
        "0": 0.9696808457374573,
        "1": 0.8697975873947144
    },
    "pair_chains_iptm": {
        "0": {
            "0": 0.9696808457374573,
            "1": 0.6315156817436218
        },
        "1": {
            "0": 0.5417231917381287,
            "1": 0.8697975873947144
        }
    }
}