{
    "confidence_score": 0.8015255928039551,
    "ptm": 0.6831676363945007,
    "iptm": 0.3490004241466522,
    "ligand_iptm": 0.0,
    "protein_iptm": 0.3490004241466522,
    "complex_plddt": 0.9146568775177002,
    "complex_iplddt": 0.8783925771713257,
    "complex_pde": 0.6701160669326782,
    "complex_ipde": 8.653347969055176,
    "chains_ptm": {
        "0": 0.9905851483345032,
        "1": 0.9893074631690979,
        "2": 0.9805764555931091
    },
    "pair_chains_iptm": {
        "0": {
            "0": 0.9905851483345032,
            "1": 0.9351508021354675,
            "2": 0.13563957810401917
        },
        "1": {
            "0": 0.9377270936965942,
            "1": 0.9893074631690979,
            "2": 0.13861890137195587
        },
        "2": {
            "0": 0.18597166240215302,
            "1": 0.18444783985614777,
            "2": 0.9805764555931091
        }
    }
}