{
    "confidence_score": 0.7439820170402527,
    "ptm": 0.7138301730155945,
    "iptm": 0.4718981087207794,
    "ligand_iptm": 0.0,
    "protein_iptm": 0.4718981087207794,
    "complex_plddt": 0.812002956867218,
    "complex_iplddt": 0.785679817199707,
    "complex_pde": 1.0788124799728394,
    "complex_ipde": 10.041102409362793,
    "chains_ptm": {
        "0": 0.9461503028869629,
        "1": 0.8254631757736206
    },
    "pair_chains_iptm": {
        "0": {
            "0": 0.9461503028869629,
            "1": 0.4718981087207794
        },
        "1": {
            "0": 0.4230049252510071,
            "1": 0.8254631757736206
        }
    }
}