{
    "confidence_score": 0.67775958776474,
    "ptm": 0.6888717412948608,
    "iptm": 0.2687245011329651,
    "ligand_iptm": 0.0,
    "protein_iptm": 0.2687245011329651,
    "complex_plddt": 0.7800183296203613,
    "complex_iplddt": 0.7668845653533936,
    "complex_pde": 0.9814380407333374,
    "complex_ipde": 11.344868659973145,
    "chains_ptm": {
        "0": 0.9589815735816956,
        "1": 0.8656143546104431
    },
    "pair_chains_iptm": {
        "0": {
            "0": 0.9589815735816956,
            "1": 0.2687245011329651
        },
        "1": {
            "0": 0.25738275051116943,
            "1": 0.8656143546104431
        }
    }
}