{
    "confidence_score": 0.7367658019065857,
    "ptm": 0.7129368782043457,
    "iptm": 0.47958263754844666,
    "ligand_iptm": 0.0,
    "protein_iptm": 0.47958263754844666,
    "complex_plddt": 0.8010615706443787,
    "complex_iplddt": 0.8103145956993103,
    "complex_pde": 1.2128968238830566,
    "complex_ipde": 9.58851432800293,
    "chains_ptm": {
        "0": 0.9629701972007751,
        "1": 0.8215077519416809
    },
    "pair_chains_iptm": {
        "0": {
            "0": 0.9629701972007751,
            "1": 0.47958263754844666
        },
        "1": {
            "0": 0.37767454981803894,
            "1": 0.8215077519416809
        }
    }
}