{
    "confidence_score": 0.6923417448997498,
    "ptm": 0.6304896473884583,
    "iptm": 0.18149623274803162,
    "ligand_iptm": 0.0,
    "protein_iptm": 0.18149623274803162,
    "complex_plddt": 0.8200531601905823,
    "complex_iplddt": 0.8203824758529663,
    "complex_pde": 1.1693390607833862,
    "complex_ipde": 14.635587692260742,
    "chains_ptm": {
        "0": 0.9451038837432861,
        "1": 0.8423683047294617
    },
    "pair_chains_iptm": {
        "0": {
            "0": 0.9451038837432861,
            "1": 0.16379791498184204
        },
        "1": {
            "0": 0.18149623274803162,
            "1": 0.8423683047294617
        }
    }
}