{
    "confidence_score": 0.7226076126098633,
    "ptm": 0.705778956413269,
    "iptm": 0.44796496629714966,
    "ligand_iptm": 0.0,
    "protein_iptm": 0.44796496629714966,
    "complex_plddt": 0.7912682890892029,
    "complex_iplddt": 0.7986053228378296,
    "complex_pde": 1.2383644580841064,
    "complex_ipde": 11.039697647094727,
    "chains_ptm": {
        "0": 0.9624953269958496,
        "1": 0.8192285895347595
    },
    "pair_chains_iptm": {
        "0": {
            "0": 0.9624953269958496,
            "1": 0.44796496629714966
        },
        "1": {
            "0": 0.3830409348011017,
            "1": 0.8192285895347595
        }
    }
}