{
    "confidence_score": 0.7053184509277344,
    "ptm": 0.7659847140312195,
    "iptm": 0.4556373357772827,
    "ligand_iptm": 0.0,
    "protein_iptm": 0.4556373357772827,
    "complex_plddt": 0.7677387595176697,
    "complex_iplddt": 0.7722779512405396,
    "complex_pde": 0.9194602966308594,
    "complex_ipde": 9.937443733215332,
    "chains_ptm": {
        "0": 0.9589843153953552,
        "1": 0.893845796585083
    },
    "pair_chains_iptm": {
        "0": {
            "0": 0.9589843153953552,
            "1": 0.4556373357772827
        },
        "1": {
            "0": 0.40728917717933655,
            "1": 0.893845796585083
        }
    }
}