{
    "confidence_score": 0.8508419394493103,
    "ptm": 0.8477665185928345,
    "iptm": 0.6412849426269531,
    "ligand_iptm": 0.0,
    "protein_iptm": 0.6412849426269531,
    "complex_plddt": 0.9032310843467712,
    "complex_iplddt": 0.8489029407501221,
    "complex_pde": 0.4729349613189697,
    "complex_ipde": 5.38329553604126,
    "chains_ptm": {
        "0": 0.9630525708198547,
        "1": 0.9764797687530518
    },
    "pair_chains_iptm": {
        "0": {
            "0": 0.9630525708198547,
            "1": 0.6412849426269531
        },
        "1": {
            "0": 0.6119986176490784,
            "1": 0.9764797687530518
        }
    }
}