{
    "confidence_score": 0.7669722437858582,
    "ptm": 0.7110421657562256,
    "iptm": 0.2739679217338562,
    "ligand_iptm": 0.0,
    "protein_iptm": 0.2739679217338562,
    "complex_plddt": 0.8902232646942139,
    "complex_iplddt": 0.8248021006584167,
    "complex_pde": 0.6526350975036621,
    "complex_ipde": 10.996875762939453,
    "chains_ptm": {
        "0": 0.9467111825942993,
        "1": 0.9748705625534058
    },
    "pair_chains_iptm": {
        "0": {
            "0": 0.9467111825942993,
            "1": 0.2702573835849762
        },
        "1": {
            "0": 0.2739679217338562,
            "1": 0.9748705625534058
        }
    }
}