{
    "confidence_score": 0.6717344522476196,
    "ptm": 0.6665917634963989,
    "iptm": 0.29861295223236084,
    "ligand_iptm": 0.0,
    "protein_iptm": 0.29861295223236084,
    "complex_plddt": 0.7650147676467896,
    "complex_iplddt": 0.7447795867919922,
    "complex_pde": 1.1564898490905762,
    "complex_ipde": 11.39779281616211,
    "chains_ptm": {
        "0": 0.9481263756752014,
        "1": 0.824371337890625
    },
    "pair_chains_iptm": {
        "0": {
            "0": 0.9481263756752014,
            "1": 0.29861295223236084
        },
        "1": {
            "0": 0.24707157909870148,
            "1": 0.824371337890625
        }
    }
}