{
    "confidence_score": 0.7052597403526306,
    "ptm": 0.6776083111763,
    "iptm": 0.20943990349769592,
    "ligand_iptm": 0.0,
    "protein_iptm": 0.20943990349769592,
    "complex_plddt": 0.8292146325111389,
    "complex_iplddt": 0.8089142441749573,
    "complex_pde": 0.9379671812057495,
    "complex_ipde": 13.723660469055176,
    "chains_ptm": {
        "0": 0.9615709185600281,
        "1": 0.8950378894805908
    },
    "pair_chains_iptm": {
        "0": {
            "0": 0.9615709185600281,
            "1": 0.18850596249103546
        },
        "1": {
            "0": 0.20943990349769592,
            "1": 0.8950378894805908
        }
    }
}