{
    "confidence_score": 0.6860057711601257,
    "ptm": 0.6642143726348877,
    "iptm": 0.23184126615524292,
    "ligand_iptm": 0.0,
    "protein_iptm": 0.23184126615524292,
    "complex_plddt": 0.7995468974113464,
    "complex_iplddt": 0.8002855777740479,
    "complex_pde": 1.0916944742202759,
    "complex_ipde": 13.353394508361816,
    "chains_ptm": {
        "0": 0.9468782544136047,
        "1": 0.8451918363571167
    },
    "pair_chains_iptm": {
        "0": {
            "0": 0.9468782544136047,
            "1": 0.23184126615524292
        },
        "1": {
            "0": 0.21419908106327057,
            "1": 0.8451918363571167
        }
    }
}