{
    "confidence_score": 0.7749716639518738,
    "ptm": 0.7331549525260925,
    "iptm": 0.3431411385536194,
    "ligand_iptm": 0.0,
    "protein_iptm": 0.3431411385536194,
    "complex_plddt": 0.8829293251037598,
    "complex_iplddt": 0.8197264075279236,
    "complex_pde": 0.7253366708755493,
    "complex_ipde": 10.73633098602295,
    "chains_ptm": {
        "0": 0.9392083287239075,
        "1": 0.9698429107666016
    },
    "pair_chains_iptm": {
        "0": {
            "0": 0.9392083287239075,
            "1": 0.3431411385536194
        },
        "1": {
            "0": 0.3406538665294647,
            "1": 0.9698429107666016
        }
    }
}