{
    "confidence_score": 0.7772509455680847,
    "ptm": 0.792090654373169,
    "iptm": 0.5796695947647095,
    "ligand_iptm": 0.0,
    "protein_iptm": 0.5796695947647095,
    "complex_plddt": 0.8266463279724121,
    "complex_iplddt": 0.8110783696174622,
    "complex_pde": 0.7652736902236938,
    "complex_ipde": 8.056151390075684,
    "chains_ptm": {
        "0": 0.9576310515403748,
        "1": 0.9024133682250977
    },
    "pair_chains_iptm": {
        "0": {
            "0": 0.9576310515403748,
            "1": 0.5796695947647095
        },
        "1": {
            "0": 0.527147114276886,
            "1": 0.9024133682250977
        }
    }
}