{
    "confidence_score": 0.7540764212608337,
    "ptm": 0.7003452777862549,
    "iptm": 0.33316853642463684,
    "ligand_iptm": 0.0,
    "protein_iptm": 0.33316853642463684,
    "complex_plddt": 0.8593034148216248,
    "complex_iplddt": 0.8380215764045715,
    "complex_pde": 0.9003720879554749,
    "complex_ipde": 12.859123229980469,
    "chains_ptm": {
        "0": 0.9569351673126221,
        "1": 0.8734230399131775
    },
    "pair_chains_iptm": {
        "0": {
            "0": 0.9569351673126221,
            "1": 0.33316853642463684
        },
        "1": {
            "0": 0.3193691372871399,
            "1": 0.8734230399131775
        }
    }
}