{
    "confidence_score": 0.7143346071243286,
    "ptm": 0.6715497970581055,
    "iptm": 0.21080246567726135,
    "ligand_iptm": 0.0,
    "protein_iptm": 0.21080246567726135,
    "complex_plddt": 0.8402175903320312,
    "complex_iplddt": 0.7963416576385498,
    "complex_pde": 0.9236769080162048,
    "complex_ipde": 14.379422187805176,
    "chains_ptm": {
        "0": 0.961563229560852,
        "1": 0.8883116245269775
    },
    "pair_chains_iptm": {
        "0": {
            "0": 0.961563229560852,
            "1": 0.20625604689121246
        },
        "1": {
            "0": 0.21080246567726135,
            "1": 0.8883116245269775
        }
    }
}