{
    "confidence_score": 0.6790179014205933,
    "ptm": 0.7337741255760193,
    "iptm": 0.2965730130672455,
    "ligand_iptm": 0.0,
    "protein_iptm": 0.2965730130672455,
    "complex_plddt": 0.7746291160583496,
    "complex_iplddt": 0.6997807025909424,
    "complex_pde": 0.9348171949386597,
    "complex_ipde": 12.322047233581543,
    "chains_ptm": {
        "0": 0.9547300934791565,
        "1": 0.9123520851135254
    },
    "pair_chains_iptm": {
        "0": {
            "0": 0.9547300934791565,
            "1": 0.2965730130672455
        },
        "1": {
            "0": 0.2923639416694641,
            "1": 0.9123520851135254
        }
    }
}