{
    "confidence_score": 0.6580013036727905,
    "ptm": 0.6462149620056152,
    "iptm": 0.23469609022140503,
    "ligand_iptm": 0.0,
    "protein_iptm": 0.23469609022140503,
    "complex_plddt": 0.7638275623321533,
    "complex_iplddt": 0.7648113965988159,
    "complex_pde": 1.2798954248428345,
    "complex_ipde": 12.9439697265625,
    "chains_ptm": {
        "0": 0.9553841352462769,
        "1": 0.8169490694999695
    },
    "pair_chains_iptm": {
        "0": {
            "0": 0.9553841352462769,
            "1": 0.23469609022140503
        },
        "1": {
            "0": 0.23401913046836853,
            "1": 0.8169490694999695
        }
    }
}