{
    "confidence_score": 0.683026909828186,
    "ptm": 0.7209234833717346,
    "iptm": 0.30586349964141846,
    "ligand_iptm": 0.0,
    "protein_iptm": 0.30586349964141846,
    "complex_plddt": 0.7773177623748779,
    "complex_iplddt": 0.7732170224189758,
    "complex_pde": 0.9579392671585083,
    "complex_ipde": 11.658196449279785,
    "chains_ptm": {
        "0": 0.9503751993179321,
        "1": 0.8950347304344177
    },
    "pair_chains_iptm": {
        "0": {
            "0": 0.9503751993179321,
            "1": 0.30586349964141846
        },
        "1": {
            "0": 0.27338412404060364,
            "1": 0.8950347304344177
        }
    }
}