{
    "confidence_score": 0.7094495296478271,
    "ptm": 0.6767998933792114,
    "iptm": 0.4268902838230133,
    "ligand_iptm": 0.0,
    "protein_iptm": 0.4268902838230133,
    "complex_plddt": 0.7800893187522888,
    "complex_iplddt": 0.7305089235305786,
    "complex_pde": 1.167731761932373,
    "complex_ipde": 10.235013008117676,
    "chains_ptm": {
        "0": 0.9527704119682312,
        "1": 0.7834387421607971
    },
    "pair_chains_iptm": {
        "0": {
            "0": 0.9527704119682312,
            "1": 0.4268902838230133
        },
        "1": {
            "0": 0.3651044964790344,
            "1": 0.7834387421607971
        }
    }
}