{
    "confidence_score": 0.7200316786766052,
    "ptm": 0.6954147815704346,
    "iptm": 0.23666997253894806,
    "ligand_iptm": 0.0,
    "protein_iptm": 0.23666997253894806,
    "complex_plddt": 0.8408721089363098,
    "complex_iplddt": 0.8048346042633057,
    "complex_pde": 0.9160280227661133,
    "complex_ipde": 13.80978775024414,
    "chains_ptm": {
        "0": 0.9591666460037231,
        "1": 0.8982446789741516
    },
    "pair_chains_iptm": {
        "0": {
            "0": 0.9591666460037231,
            "1": 0.23666997253894806
        },
        "1": {
            "0": 0.23115995526313782,
            "1": 0.8982446789741516
        }
    }
}