{
    "confidence_score": 0.7811914682388306,
    "ptm": 0.8931649327278137,
    "iptm": 0.828170895576477,
    "ligand_iptm": 0.0,
    "protein_iptm": 0.828170895576477,
    "complex_plddt": 0.769446611404419,
    "complex_iplddt": 0.7370030879974365,
    "complex_pde": 0.6514921188354492,
    "complex_ipde": 3.215747594833374,
    "chains_ptm": {
        "0": 0.9538218379020691,
        "1": 0.924183189868927
    },
    "pair_chains_iptm": {
        "0": {
            "0": 0.9538218379020691,
            "1": 0.828170895576477
        },
        "1": {
            "0": 0.758912980556488,
            "1": 0.924183189868927
        }
    }
}