{
    "confidence_score": 0.8501911163330078,
    "ptm": 0.8005017638206482,
    "iptm": 0.5993792414665222,
    "ligand_iptm": 0.0,
    "protein_iptm": 0.5993792414665222,
    "complex_plddt": 0.9128941297531128,
    "complex_iplddt": 0.8679741024971008,
    "complex_pde": 0.4813011586666107,
    "complex_ipde": 4.61742639541626,
    "chains_ptm": {
        "0": 0.9891253709793091,
        "1": 0.9932435750961304,
        "2": 0.9749274849891663
    },
    "pair_chains_iptm": {
        "0": {
            "0": 0.9891253709793091,
            "1": 0.9628543257713318,
            "2": 0.5177285671234131
        },
        "1": {
            "0": 0.9637902975082397,
            "1": 0.9932435750961304,
            "2": 0.48019933700561523
        },
        "2": {
            "0": 0.4883595108985901,
            "1": 0.49257344007492065,
            "2": 0.9749274849891663
        }
    }
}