{
    "confidence_score": 0.7708761096000671,
    "ptm": 0.7317138910293579,
    "iptm": 0.48689964413642883,
    "ligand_iptm": 0.0,
    "protein_iptm": 0.48689964413642883,
    "complex_plddt": 0.8418701887130737,
    "complex_iplddt": 0.8117680549621582,
    "complex_pde": 0.9783914089202881,
    "complex_ipde": 10.159061431884766,
    "chains_ptm": {
        "0": 0.9624477028846741,
        "1": 0.8511898517608643
    },
    "pair_chains_iptm": {
        "0": {
            "0": 0.9624477028846741,
            "1": 0.48689964413642883
        },
        "1": {
            "0": 0.42023080587387085,
            "1": 0.8511898517608643
        }
    }
}