{
    "confidence_score": 0.7277423143386841,
    "ptm": 0.6711398959159851,
    "iptm": 0.2957195043563843,
    "ligand_iptm": 0.0,
    "protein_iptm": 0.2957195043563843,
    "complex_plddt": 0.8357479572296143,
    "complex_iplddt": 0.8204563856124878,
    "complex_pde": 1.0396335124969482,
    "complex_ipde": 13.659717559814453,
    "chains_ptm": {
        "0": 0.9607921242713928,
        "1": 0.8499791026115417
    },
    "pair_chains_iptm": {
        "0": {
            "0": 0.9607921242713928,
            "1": 0.2957195043563843
        },
        "1": {
            "0": 0.2713333070278168,
            "1": 0.8499791026115417
        }
    }
}