{
    "confidence_score": 0.7005390524864197,
    "ptm": 0.6542700529098511,
    "iptm": 0.3992607891559601,
    "ligand_iptm": 0.0,
    "protein_iptm": 0.3992607891559601,
    "complex_plddt": 0.7758585810661316,
    "complex_iplddt": 0.7691904306411743,
    "complex_pde": 1.4271432161331177,
    "complex_ipde": 11.394740104675293,
    "chains_ptm": {
        "0": 0.9598158597946167,
        "1": 0.7698264122009277
    },
    "pair_chains_iptm": {
        "0": {
            "0": 0.9598158597946167,
            "1": 0.3992607891559601
        },
        "1": {
            "0": 0.3327125608921051,
            "1": 0.7698264122009277
        }
    }
}