{
    "confidence_score": 0.703437328338623,
    "ptm": 0.7433933615684509,
    "iptm": 0.4754769206047058,
    "ligand_iptm": 0.0,
    "protein_iptm": 0.4754769206047058,
    "complex_plddt": 0.7604274153709412,
    "complex_iplddt": 0.7229424715042114,
    "complex_pde": 1.0551252365112305,
    "complex_ipde": 9.357003211975098,
    "chains_ptm": {
        "0": 0.9596421122550964,
        "1": 0.8597663640975952
    },
    "pair_chains_iptm": {
        "0": {
            "0": 0.9596421122550964,
            "1": 0.4754769206047058
        },
        "1": {
            "0": 0.430705726146698,
            "1": 0.8597663640975952
        }
    }
}