{
    "confidence_score": 0.7924196124076843,
    "ptm": 0.7811509966850281,
    "iptm": 0.5454772114753723,
    "ligand_iptm": 0.0,
    "protein_iptm": 0.5454772114753723,
    "complex_plddt": 0.8541552424430847,
    "complex_iplddt": 0.8128932118415833,
    "complex_pde": 0.8513053059577942,
    "complex_ipde": 8.689891815185547,
    "chains_ptm": {
        "0": 0.9569053053855896,
        "1": 0.8910548686981201
    },
    "pair_chains_iptm": {
        "0": {
            "0": 0.9569053053855896,
            "1": 0.5454772114753723
        },
        "1": {
            "0": 0.5127673745155334,
            "1": 0.8910548686981201
        }
    }
}