{
    "confidence_score": 0.7549430131912231,
    "ptm": 0.6879688501358032,
    "iptm": 0.2286173552274704,
    "ligand_iptm": 0.0,
    "protein_iptm": 0.2286173552274704,
    "complex_plddt": 0.8865243792533875,
    "complex_iplddt": 0.830617368221283,
    "complex_pde": 0.7026537656784058,
    "complex_ipde": 12.029468536376953,
    "chains_ptm": {
        "0": 0.9525022506713867,
        "1": 0.9731560945510864
    },
    "pair_chains_iptm": {
        "0": {
            "0": 0.9525022506713867,
            "1": 0.21370841562747955
        },
        "1": {
            "0": 0.2286173552274704,
            "1": 0.9731560945510864
        }
    }
}