{
    "confidence_score": 0.7680964469909668,
    "ptm": 0.8606348037719727,
    "iptm": 0.6997987031936646,
    "ligand_iptm": 0.0,
    "protein_iptm": 0.6997987031936646,
    "complex_plddt": 0.7851709127426147,
    "complex_iplddt": 0.7224061489105225,
    "complex_pde": 0.5806062817573547,
    "complex_ipde": 6.243800640106201,
    "chains_ptm": {
        "0": 0.9611018300056458,
        "1": 0.9430950880050659
    },
    "pair_chains_iptm": {
        "0": {
            "0": 0.9611018300056458,
            "1": 0.6997987031936646
        },
        "1": {
            "0": 0.6207824945449829,
            "1": 0.9430950880050659
        }
    }
}