{
    "confidence_score": 0.67598956823349,
    "ptm": 0.7121994495391846,
    "iptm": 0.29141736030578613,
    "ligand_iptm": 0.0,
    "protein_iptm": 0.29141736030578613,
    "complex_plddt": 0.7721325755119324,
    "complex_iplddt": 0.7025343179702759,
    "complex_pde": 0.9866296648979187,
    "complex_ipde": 12.63694953918457,
    "chains_ptm": {
        "0": 0.966568112373352,
        "1": 0.8894453644752502
    },
    "pair_chains_iptm": {
        "0": {
            "0": 0.966568112373352,
            "1": 0.28516972064971924
        },
        "1": {
            "0": 0.29141736030578613,
            "1": 0.8894453644752502
        }
    }
}