{
    "confidence_score": 0.8117229342460632,
    "ptm": 0.8105830550193787,
    "iptm": 0.7302329540252686,
    "ligand_iptm": 0.0,
    "protein_iptm": 0.7302329540252686,
    "complex_plddt": 0.8320953845977783,
    "complex_iplddt": 0.8125367760658264,
    "complex_pde": 0.9247612953186035,
    "complex_ipde": 6.652747631072998,
    "chains_ptm": {
        "0": 0.9578953981399536,
        "1": 0.8495681285858154
    },
    "pair_chains_iptm": {
        "0": {
            "0": 0.9578953981399536,
            "1": 0.7302329540252686
        },
        "1": {
            "0": 0.6384719610214233,
            "1": 0.8495681285858154
        }
    }
}