{
    "confidence_score": 0.6576838493347168,
    "ptm": 0.6607496738433838,
    "iptm": 0.2882680892944336,
    "ligand_iptm": 0.0,
    "protein_iptm": 0.2882680892944336,
    "complex_plddt": 0.7500377893447876,
    "complex_iplddt": 0.6529982686042786,
    "complex_pde": 1.2134369611740112,
    "complex_ipde": 13.561737060546875,
    "chains_ptm": {
        "0": 0.9541115760803223,
        "1": 0.8302450776100159
    },
    "pair_chains_iptm": {
        "0": {
            "0": 0.9541115760803223,
            "1": 0.2882680892944336
        },
        "1": {
            "0": 0.25941526889801025,
            "1": 0.8302450776100159
        }
    }
}