{
    "confidence_score": 0.7153558135032654,
    "ptm": 0.6869552731513977,
    "iptm": 0.42093589901924133,
    "ligand_iptm": 0.0,
    "protein_iptm": 0.42093589901924133,
    "complex_plddt": 0.7889608144760132,
    "complex_iplddt": 0.801488995552063,
    "complex_pde": 1.1978003978729248,
    "complex_ipde": 10.316238403320312,
    "chains_ptm": {
        "0": 0.9544863104820251,
        "1": 0.8062188029289246
    },
    "pair_chains_iptm": {
        "0": {
            "0": 0.9544863104820251,
            "1": 0.42093589901924133
        },
        "1": {
            "0": 0.3403765559196472,
            "1": 0.8062188029289246
        }
    }
}