{
    "confidence_score": 0.7092368006706238,
    "ptm": 0.6839920282363892,
    "iptm": 0.49826619029045105,
    "ligand_iptm": 0.0,
    "protein_iptm": 0.49826619029045105,
    "complex_plddt": 0.7619794607162476,
    "complex_iplddt": 0.7536484003067017,
    "complex_pde": 1.4012768268585205,
    "complex_ipde": 8.816446304321289,
    "chains_ptm": {
        "0": 0.9509447813034058,
        "1": 0.7590340971946716
    },
    "pair_chains_iptm": {
        "0": {
            "0": 0.9509447813034058,
            "1": 0.49826619029045105
        },
        "1": {
            "0": 0.37083956599235535,
            "1": 0.7590340971946716
        }
    }
}