{
    "confidence_score": 0.7290789484977722,
    "ptm": 0.6754118204116821,
    "iptm": 0.19281889498233795,
    "ligand_iptm": 0.0,
    "protein_iptm": 0.19281889498233795,
    "complex_plddt": 0.8631439208984375,
    "complex_iplddt": 0.7932921051979065,
    "complex_pde": 0.8125057816505432,
    "complex_ipde": 13.108999252319336,
    "chains_ptm": {
        "0": 0.9375604391098022,
        "1": 0.9720907211303711
    },
    "pair_chains_iptm": {
        "0": {
            "0": 0.9375604391098022,
            "1": 0.1611892133951187
        },
        "1": {
            "0": 0.19281889498233795,
            "1": 0.9720907211303711
        }
    }
}