{
    "confidence_score": 0.7685600519180298,
    "ptm": 0.6964102983474731,
    "iptm": 0.25066375732421875,
    "ligand_iptm": 0.0,
    "protein_iptm": 0.25066375732421875,
    "complex_plddt": 0.8980340957641602,
    "complex_iplddt": 0.8451130986213684,
    "complex_pde": 0.6591811180114746,
    "complex_ipde": 11.993861198425293,
    "chains_ptm": {
        "0": 0.9375834465026855,
        "1": 0.9745302200317383
    },
    "pair_chains_iptm": {
        "0": {
            "0": 0.9375834465026855,
            "1": 0.21488171815872192
        },
        "1": {
            "0": 0.25066375732421875,
            "1": 0.9745302200317383
        }
    }
}