{
    "confidence_score": 0.6825537085533142,
    "ptm": 0.6342877745628357,
    "iptm": 0.28613191843032837,
    "ligand_iptm": 0.0,
    "protein_iptm": 0.28613191843032837,
    "complex_plddt": 0.7816591262817383,
    "complex_iplddt": 0.7818291783332825,
    "complex_pde": 1.4377973079681396,
    "complex_ipde": 13.026505470275879,
    "chains_ptm": {
        "0": 0.9559299349784851,
        "1": 0.7801308631896973
    },
    "pair_chains_iptm": {
        "0": {
            "0": 0.9559299349784851,
            "1": 0.28613191843032837
        },
        "1": {
            "0": 0.2542477250099182,
            "1": 0.7801308631896973
        }
    }
}