{
    "confidence_score": 0.7707089185714722,
    "ptm": 0.7671393752098083,
    "iptm": 0.4083341062068939,
    "ligand_iptm": 0.0,
    "protein_iptm": 0.4083341062068939,
    "complex_plddt": 0.8613026142120361,
    "complex_iplddt": 0.8268960118293762,
    "complex_pde": 0.740268349647522,
    "complex_ipde": 11.416038513183594,
    "chains_ptm": {
        "0": 0.9572651386260986,
        "1": 0.9308156371116638
    },
    "pair_chains_iptm": {
        "0": {
            "0": 0.9572651386260986,
            "1": 0.4083341062068939
        },
        "1": {
            "0": 0.34436219930648804,
            "1": 0.9308156371116638
        }
    }
}