{
    "confidence_score": 0.7581724524497986,
    "ptm": 0.6729099750518799,
    "iptm": 0.1927303969860077,
    "ligand_iptm": 0.0,
    "protein_iptm": 0.1927303969860077,
    "complex_plddt": 0.8995329737663269,
    "complex_iplddt": 0.8544554114341736,
    "complex_pde": 0.6973322033882141,
    "complex_ipde": 12.630478858947754,
    "chains_ptm": {
        "0": 0.9438192844390869,
        "1": 0.9755194783210754
    },
    "pair_chains_iptm": {
        "0": {
            "0": 0.9438192844390869,
            "1": 0.16386164724826813
        },
        "1": {
            "0": 0.1927303969860077,
            "1": 0.9755194783210754
        }
    }
}