{
    "confidence_score": 0.6699386835098267,
    "ptm": 0.6454590559005737,
    "iptm": 0.21600916981697083,
    "ligand_iptm": 0.0,
    "protein_iptm": 0.21600916981697083,
    "complex_plddt": 0.7834210395812988,
    "complex_iplddt": 0.7756378650665283,
    "complex_pde": 1.21554434299469,
    "complex_ipde": 13.650335311889648,
    "chains_ptm": {
        "0": 0.9542312622070312,
        "1": 0.8246610164642334
    },
    "pair_chains_iptm": {
        "0": {
            "0": 0.9542312622070312,
            "1": 0.21600916981697083
        },
        "1": {
            "0": 0.19579581916332245,
            "1": 0.8246610164642334
        }
    }
}