{
    "confidence_score": 0.8875504732131958,
    "ptm": 0.9303471446037292,
    "iptm": 0.8592782020568848,
    "ligand_iptm": 0.0,
    "protein_iptm": 0.8592782020568848,
    "complex_plddt": 0.8946185111999512,
    "complex_iplddt": 0.8426082730293274,
    "complex_pde": 0.41126731038093567,
    "complex_ipde": 1.6849329471588135,
    "chains_ptm": {
        "0": 0.9843569397926331,
        "1": 0.9911792278289795,
        "2": 0.9767974019050598
    },
    "pair_chains_iptm": {
        "0": {
            "0": 0.9843569397926331,
            "1": 0.9638077020645142,
            "2": 0.8532320261001587
        },
        "1": {
            "0": 0.9663782119750977,
            "1": 0.9911792278289795,
            "2": 0.8570979833602905
        },
        "2": {
            "0": 0.8132947683334351,
            "1": 0.8263614177703857,
            "2": 0.9767974019050598
        }
    }
}