{
    "confidence_score": 0.6751508712768555,
    "ptm": 0.7269024848937988,
    "iptm": 0.2900882661342621,
    "ligand_iptm": 0.0,
    "protein_iptm": 0.2900882661342621,
    "complex_plddt": 0.7714165449142456,
    "complex_iplddt": 0.726982831954956,
    "complex_pde": 0.8343932032585144,
    "complex_ipde": 13.203214645385742,
    "chains_ptm": {
        "0": 0.9587658643722534,
        "1": 0.9073363542556763
    },
    "pair_chains_iptm": {
        "0": {
            "0": 0.9587658643722534,
            "1": 0.2900882661342621
        },
        "1": {
            "0": 0.2864384949207306,
            "1": 0.9073363542556763
        }
    }
}