{
    "confidence_score": 0.7397111654281616,
    "ptm": 0.686205267906189,
    "iptm": 0.3319060504436493,
    "ligand_iptm": 0.0,
    "protein_iptm": 0.3319060504436493,
    "complex_plddt": 0.8416624069213867,
    "complex_iplddt": 0.8098792433738708,
    "complex_pde": 0.9963739514350891,
    "complex_ipde": 12.204829216003418,
    "chains_ptm": {
        "0": 0.9553959965705872,
        "1": 0.8519338369369507
    },
    "pair_chains_iptm": {
        "0": {
            "0": 0.9553959965705872,
            "1": 0.3319060504436493
        },
        "1": {
            "0": 0.2899663746356964,
            "1": 0.8519338369369507
        }
    }
}