{
    "confidence_score": 0.6847916841506958,
    "ptm": 0.6391232013702393,
    "iptm": 0.32487642765045166,
    "ligand_iptm": 0.0,
    "protein_iptm": 0.32487642765045166,
    "complex_plddt": 0.7747704386711121,
    "complex_iplddt": 0.7759396433830261,
    "complex_pde": 1.4096455574035645,
    "complex_ipde": 11.058712005615234,
    "chains_ptm": {
        "0": 0.9523189067840576,
        "1": 0.7755630612373352
    },
    "pair_chains_iptm": {
        "0": {
            "0": 0.9523189067840576,
            "1": 0.32487642765045166
        },
        "1": {
            "0": 0.2765488028526306,
            "1": 0.7755630612373352
        }
    }
}