{
    "confidence_score": 0.6882699131965637,
    "ptm": 0.6273962259292603,
    "iptm": 0.3596830666065216,
    "ligand_iptm": 0.0,
    "protein_iptm": 0.3596830666065216,
    "complex_plddt": 0.7704166173934937,
    "complex_iplddt": 0.7504690289497375,
    "complex_pde": 1.6011260747909546,
    "complex_ipde": 12.504106521606445,
    "chains_ptm": {
        "0": 0.9574099779129028,
        "1": 0.7437415719032288
    },
    "pair_chains_iptm": {
        "0": {
            "0": 0.9574099779129028,
            "1": 0.3596830666065216
        },
        "1": {
            "0": 0.27887406945228577,
            "1": 0.7437415719032288
        }
    }
}