{
    "confidence_score": 0.6728982329368591,
    "ptm": 0.6768983602523804,
    "iptm": 0.2733076512813568,
    "ligand_iptm": 0.0,
    "protein_iptm": 0.2733076512813568,
    "complex_plddt": 0.7727958559989929,
    "complex_iplddt": 0.7621909379959106,
    "complex_pde": 1.1706593036651611,
    "complex_ipde": 12.666513442993164,
    "chains_ptm": {
        "0": 0.9446525573730469,
        "1": 0.84653639793396
    },
    "pair_chains_iptm": {
        "0": {
            "0": 0.9446525573730469,
            "1": 0.2733076512813568
        },
        "1": {
            "0": 0.24627457559108734,
            "1": 0.84653639793396
        }
    }
}