{
    "confidence_score": 0.7129980325698853,
    "ptm": 0.6328974366188049,
    "iptm": 0.22196504473686218,
    "ligand_iptm": 0.0,
    "protein_iptm": 0.22196504473686218,
    "complex_plddt": 0.835756242275238,
    "complex_iplddt": 0.8235077261924744,
    "complex_pde": 1.1779690980911255,
    "complex_ipde": 16.162464141845703,
    "chains_ptm": {
        "0": 0.9481689929962158,
        "1": 0.8267265558242798
    },
    "pair_chains_iptm": {
        "0": {
            "0": 0.9481689929962158,
            "1": 0.20505161583423615
        },
        "1": {
            "0": 0.22196504473686218,
            "1": 0.8267265558242798
        }
    }
}