{
    "confidence_score": 0.6610518097877502,
    "ptm": 0.6822372078895569,
    "iptm": 0.23872597515583038,
    "ligand_iptm": 0.0,
    "protein_iptm": 0.23872597515583038,
    "complex_plddt": 0.7666332721710205,
    "complex_iplddt": 0.7522740960121155,
    "complex_pde": 1.1486287117004395,
    "complex_ipde": 12.620091438293457,
    "chains_ptm": {
        "0": 0.9473540782928467,
        "1": 0.8710494637489319
    },
    "pair_chains_iptm": {
        "0": {
            "0": 0.9473540782928467,
            "1": 0.23872597515583038
        },
        "1": {
            "0": 0.22896426916122437,
            "1": 0.8710494637489319
        }
    }
}