{
    "confidence_score": 0.7009379267692566,
    "ptm": 0.654460072517395,
    "iptm": 0.20332121849060059,
    "ligand_iptm": 0.0,
    "protein_iptm": 0.20332121849060059,
    "complex_plddt": 0.8253421187400818,
    "complex_iplddt": 0.7300909161567688,
    "complex_pde": 1.0646051168441772,
    "complex_ipde": 14.954522132873535,
    "chains_ptm": {
        "0": 0.9501335024833679,
        "1": 0.8764870762825012
    },
    "pair_chains_iptm": {
        "0": {
            "0": 0.9501335024833679,
            "1": 0.17860287427902222
        },
        "1": {
            "0": 0.20332121849060059,
            "1": 0.8764870762825012
        }
    }
}