{
    "confidence_score": 0.7274953722953796,
    "ptm": 0.6915336847305298,
    "iptm": 0.19796842336654663,
    "ligand_iptm": 0.0,
    "protein_iptm": 0.19796842336654663,
    "complex_plddt": 0.8598770499229431,
    "complex_iplddt": 0.8309786915779114,
    "complex_pde": 0.8576316237449646,
    "complex_ipde": 14.30931282043457,
    "chains_ptm": {
        "0": 0.9512014985084534,
        "1": 0.9218572378158569
    },
    "pair_chains_iptm": {
        "0": {
            "0": 0.9512014985084534,
            "1": 0.18781062960624695
        },
        "1": {
            "0": 0.19796842336654663,
            "1": 0.9218572378158569
        }
    }
}