{
    "confidence_score": 0.691605806350708,
    "ptm": 0.690348207950592,
    "iptm": 0.37623611092567444,
    "ligand_iptm": 0.0,
    "protein_iptm": 0.37623611092567444,
    "complex_plddt": 0.7704482078552246,
    "complex_iplddt": 0.7543115019798279,
    "complex_pde": 1.1623128652572632,
    "complex_ipde": 12.907332420349121,
    "chains_ptm": {
        "0": 0.9578421115875244,
        "1": 0.8304105401039124
    },
    "pair_chains_iptm": {
        "0": {
            "0": 0.9578421115875244,
            "1": 0.37623611092567444
        },
        "1": {
            "0": 0.3226238191127777,
            "1": 0.8304105401039124
        }
    }
}