{
    "confidence_score": 0.6764155626296997,
    "ptm": 0.6378104090690613,
    "iptm": 0.2795105278491974,
    "ligand_iptm": 0.0,
    "protein_iptm": 0.2795105278491974,
    "complex_plddt": 0.7756417989730835,
    "complex_iplddt": 0.7529042363166809,
    "complex_pde": 1.4118584394454956,
    "complex_ipde": 11.972028732299805,
    "chains_ptm": {
        "0": 0.9526544809341431,
        "1": 0.7884312868118286
    },
    "pair_chains_iptm": {
        "0": {
            "0": 0.9526544809341431,
            "1": 0.2795105278491974
        },
        "1": {
            "0": 0.26026540994644165,
            "1": 0.7884312868118286
        }
    }
}