{
    "confidence_score": 0.814637303352356,
    "ptm": 0.782963216304779,
    "iptm": 0.4927520155906677,
    "ligand_iptm": 0.0,
    "protein_iptm": 0.4927520155906677,
    "complex_plddt": 0.8951085805892944,
    "complex_iplddt": 0.8356156945228577,
    "complex_pde": 0.577559232711792,
    "complex_ipde": 8.373332977294922,
    "chains_ptm": {
        "0": 0.9552061557769775,
        "1": 0.9700859785079956
    },
    "pair_chains_iptm": {
        "0": {
            "0": 0.9552061557769775,
            "1": 0.48324885964393616
        },
        "1": {
            "0": 0.4927520155906677,
            "1": 0.9700859785079956
        }
    }
}