{
    "confidence_score": 0.8219671249389648,
    "ptm": 0.7282538414001465,
    "iptm": 0.4318010210990906,
    "ligand_iptm": 0.0,
    "protein_iptm": 0.4318010210990906,
    "complex_plddt": 0.919508695602417,
    "complex_iplddt": 0.8974180817604065,
    "complex_pde": 0.5994670987129211,
    "complex_ipde": 7.040054798126221,
    "chains_ptm": {
        "0": 0.9831501841545105,
        "1": 0.9895005226135254,
        "2": 0.9764528870582581
    },
    "pair_chains_iptm": {
        "0": {
            "0": 0.9831501841545105,
            "1": 0.940658450126648,
            "2": 0.28000733256340027
        },
        "1": {
            "0": 0.9435636401176453,
            "1": 0.9895005226135254,
            "2": 0.28307321667671204
        },
        "2": {
            "0": 0.27723634243011475,
            "1": 0.2908080220222473,
            "2": 0.9764528870582581
        }
    }
}