{
    "confidence_score": 0.7000473737716675,
    "ptm": 0.7675908207893372,
    "iptm": 0.3425632119178772,
    "ligand_iptm": 0.0,
    "protein_iptm": 0.3425632119178772,
    "complex_plddt": 0.7894183993339539,
    "complex_iplddt": 0.7710149884223938,
    "complex_pde": 0.762315034866333,
    "complex_ipde": 12.154762268066406,
    "chains_ptm": {
        "0": 0.9567176103591919,
        "1": 0.9441092610359192
    },
    "pair_chains_iptm": {
        "0": {
            "0": 0.9567176103591919,
            "1": 0.3425632119178772
        },
        "1": {
            "0": 0.3283410966396332,
            "1": 0.9441092610359192
        }
    }
}