{
    "confidence_score": 0.7983019948005676,
    "ptm": 0.690214991569519,
    "iptm": 0.3865340054035187,
    "ligand_iptm": 0.0,
    "protein_iptm": 0.3865340054035187,
    "complex_plddt": 0.9012439846992493,
    "complex_iplddt": 0.8555751442909241,
    "complex_pde": 0.6339770555496216,
    "complex_ipde": 7.923418998718262,
    "chains_ptm": {
        "0": 0.9790111780166626,
        "1": 0.9882583618164062,
        "2": 0.9757756590843201
    },
    "pair_chains_iptm": {
        "0": {
            "0": 0.9790111780166626,
            "1": 0.9300942420959473,
            "2": 0.18685561418533325
        },
        "1": {
            "0": 0.9269704222679138,
            "1": 0.9882583618164062,
            "2": 0.18209697306156158
        },
        "2": {
            "0": 0.2328641563653946,
            "1": 0.23185449838638306,
            "2": 0.9757756590843201
        }
    }
}