{
    "confidence_score": 0.873929500579834,
    "ptm": 0.8899405002593994,
    "iptm": 0.795344352722168,
    "ligand_iptm": 0.0,
    "protein_iptm": 0.795344352722168,
    "complex_plddt": 0.8935757875442505,
    "complex_iplddt": 0.8204208612442017,
    "complex_pde": 0.47154682874679565,
    "complex_ipde": 2.4262707233428955,
    "chains_ptm": {
        "0": 0.9792019128799438,
        "1": 0.9889394640922546,
        "2": 0.9695549607276917
    },
    "pair_chains_iptm": {
        "0": {
            "0": 0.9792019128799438,
            "1": 0.9491725564002991,
            "2": 0.7816075682640076
        },
        "1": {
            "0": 0.9569056630134583,
            "1": 0.9889394640922546,
            "2": 0.7489854097366333
        },
        "2": {
            "0": 0.7551300525665283,
            "1": 0.7388121485710144,
            "2": 0.9695549607276917
        }
    }
}