{
    "confidence_score": 0.7578041553497314,
    "ptm": 0.8024234771728516,
    "iptm": 0.5652992129325867,
    "ligand_iptm": 0.0,
    "protein_iptm": 0.5652992129325867,
    "complex_plddt": 0.8059303760528564,
    "complex_iplddt": 0.776726245880127,
    "complex_pde": 0.7512677311897278,
    "complex_ipde": 7.934780597686768,
    "chains_ptm": {
        "0": 0.9602277874946594,
        "1": 0.9161540865898132
    },
    "pair_chains_iptm": {
        "0": {
            "0": 0.9602277874946594,
            "1": 0.5652992129325867
        },
        "1": {
            "0": 0.5157500505447388,
            "1": 0.9161540865898132
        }
    }
}