{
    "confidence_score": 0.7238182425498962,
    "ptm": 0.7037973403930664,
    "iptm": 0.2502947151660919,
    "ligand_iptm": 0.0,
    "protein_iptm": 0.2502947151660919,
    "complex_plddt": 0.8421990871429443,
    "complex_iplddt": 0.8255375027656555,
    "complex_pde": 0.7688048481941223,
    "complex_ipde": 12.332876205444336,
    "chains_ptm": {
        "0": 0.9546046853065491,
        "1": 0.9161144495010376
    },
    "pair_chains_iptm": {
        "0": {
            "0": 0.9546046853065491,
            "1": 0.2502947151660919
        },
        "1": {
            "0": 0.2447117418050766,
            "1": 0.9161144495010376
        }
    }
}