{
    "confidence_score": 0.8180554509162903,
    "ptm": 0.6844902634620667,
    "iptm": 0.369881272315979,
    "ligand_iptm": 0.0,
    "protein_iptm": 0.369881272315979,
    "complex_plddt": 0.9300990104675293,
    "complex_iplddt": 0.9154852032661438,
    "complex_pde": 0.623295247554779,
    "complex_ipde": 7.668680667877197,
    "chains_ptm": {
        "0": 0.9876818656921387,
        "1": 0.9887904524803162,
        "2": 0.9784336090087891
    },
    "pair_chains_iptm": {
        "0": {
            "0": 0.9876818656921387,
            "1": 0.9398747682571411,
            "2": 0.16188669204711914
        },
        "1": {
            "0": 0.9448809623718262,
            "1": 0.9887904524803162,
            "2": 0.15933281183242798
        },
        "2": {
            "0": 0.20822946727275848,
            "1": 0.20876778662204742,
            "2": 0.9784336090087891
        }
    }
}