{
    "confidence_score": 0.8149756789207458,
    "ptm": 0.7204274535179138,
    "iptm": 0.41643619537353516,
    "ligand_iptm": 0.0,
    "protein_iptm": 0.41643619537353516,
    "complex_plddt": 0.9146105051040649,
    "complex_iplddt": 0.868928849697113,
    "complex_pde": 0.6381654143333435,
    "complex_ipde": 7.475698947906494,
    "chains_ptm": {
        "0": 0.979260265827179,
        "1": 0.9890854954719543,
        "2": 0.9751885533332825
    },
    "pair_chains_iptm": {
        "0": {
            "0": 0.979260265827179,
            "1": 0.9307600855827332,
            "2": 0.27693697810173035
        },
        "1": {
            "0": 0.9317786693572998,
            "1": 0.9890854954719543,
            "2": 0.2543664574623108
        },
        "2": {
            "0": 0.2807806432247162,
            "1": 0.2663859724998474,
            "2": 0.9751885533332825
        }
    }
}