{
    "confidence_score": 0.6616763472557068,
    "ptm": 0.7340688705444336,
    "iptm": 0.2536069452762604,
    "ligand_iptm": 0.0,
    "protein_iptm": 0.2536069452762604,
    "complex_plddt": 0.7636936902999878,
    "complex_iplddt": 0.6965548992156982,
    "complex_pde": 0.8403692245483398,
    "complex_ipde": 12.961033821105957,
    "chains_ptm": {
        "0": 0.9528524279594421,
        "1": 0.9283037781715393
    },
    "pair_chains_iptm": {
        "0": {
            "0": 0.9528524279594421,
            "1": 0.2536069452762604
        },
        "1": {
            "0": 0.24867917597293854,
            "1": 0.9283037781715393
        }
    }
}