{
    "confidence_score": 0.7181053757667542,
    "ptm": 0.6858465671539307,
    "iptm": 0.24534092843532562,
    "ligand_iptm": 0.0,
    "protein_iptm": 0.24534092843532562,
    "complex_plddt": 0.8362964987754822,
    "complex_iplddt": 0.7910937666893005,
    "complex_pde": 0.9820203185081482,
    "complex_ipde": 13.30319881439209,
    "chains_ptm": {
        "0": 0.944189727306366,
        "1": 0.8842293620109558
    },
    "pair_chains_iptm": {
        "0": {
            "0": 0.944189727306366,
            "1": 0.24534092843532562
        },
        "1": {
            "0": 0.24239610135555267,
            "1": 0.8842293620109558
        }
    }
}