{
    "confidence_score": 0.7199758887290955,
    "ptm": 0.6969131827354431,
    "iptm": 0.39729028940200806,
    "ligand_iptm": 0.0,
    "protein_iptm": 0.39729028940200806,
    "complex_plddt": 0.8006473183631897,
    "complex_iplddt": 0.7654711008071899,
    "complex_pde": 1.2958672046661377,
    "complex_ipde": 11.995244979858398,
    "chains_ptm": {
        "0": 0.8915392160415649,
        "1": 0.828035831451416
    },
    "pair_chains_iptm": {
        "0": {
            "0": 0.8915392160415649,
            "1": 0.39729028940200806
        },
        "1": {
            "0": 0.36941713094711304,
            "1": 0.828035831451416
        }
    }
}