{
    "confidence_score": 0.672835648059845,
    "ptm": 0.629691481590271,
    "iptm": 0.1849457025527954,
    "ligand_iptm": 0.0,
    "protein_iptm": 0.1849457025527954,
    "complex_plddt": 0.7948080897331238,
    "complex_iplddt": 0.7477602362632751,
    "complex_pde": 1.322910189628601,
    "complex_ipde": 13.787209510803223,
    "chains_ptm": {
        "0": 0.9537463784217834,
        "1": 0.8142910003662109
    },
    "pair_chains_iptm": {
        "0": {
            "0": 0.9537463784217834,
            "1": 0.18183894455432892
        },
        "1": {
            "0": 0.1849457025527954,
            "1": 0.8142910003662109
        }
    }
}