{
    "confidence_score": 0.8036436438560486,
    "ptm": 0.75145423412323,
    "iptm": 0.4398414194583893,
    "ligand_iptm": 0.0,
    "protein_iptm": 0.4398414194583893,
    "complex_plddt": 0.894594132900238,
    "complex_iplddt": 0.8362929821014404,
    "complex_pde": 0.6100485920906067,
    "complex_ipde": 9.025396347045898,
    "chains_ptm": {
        "0": 0.9529352784156799,
        "1": 0.9640671610832214
    },
    "pair_chains_iptm": {
        "0": {
            "0": 0.9529352784156799,
            "1": 0.41063761711120605
        },
        "1": {
            "0": 0.4398414194583893,
            "1": 0.9640671610832214
        }
    }
}