{
    "confidence_score": 0.8904428482055664,
    "ptm": 0.9193590879440308,
    "iptm": 0.8342278003692627,
    "ligand_iptm": 0.0,
    "protein_iptm": 0.8342278003692627,
    "complex_plddt": 0.9044966101646423,
    "complex_iplddt": 0.8893882036209106,
    "complex_pde": 0.4267086684703827,
    "complex_ipde": 2.2718982696533203,
    "chains_ptm": {
        "0": 0.989071786403656,
        "1": 0.987049400806427,
        "2": 0.9771956205368042
    },
    "pair_chains_iptm": {
        "0": {
            "0": 0.989071786403656,
            "1": 0.9569687247276306,
            "2": 0.8196856379508972
        },
        "1": {
            "0": 0.9534880518913269,
            "1": 0.987049400806427,
            "2": 0.8176628947257996
        },
        "2": {
            "0": 0.788951575756073,
            "1": 0.8015117049217224,
            "2": 0.9771956205368042
        }
    }
}