{
    "confidence_score": 0.7309693694114685,
    "ptm": 0.7453747391700745,
    "iptm": 0.37800416350364685,
    "ligand_iptm": 0.0,
    "protein_iptm": 0.37800416350364685,
    "complex_plddt": 0.8192107081413269,
    "complex_iplddt": 0.8044463992118835,
    "complex_pde": 0.8748982548713684,
    "complex_ipde": 11.173556327819824,
    "chains_ptm": {
        "0": 0.9486249685287476,
        "1": 0.9157703518867493
    },
    "pair_chains_iptm": {
        "0": {
            "0": 0.9486249685287476,
            "1": 0.37800416350364685
        },
        "1": {
            "0": 0.372129887342453,
            "1": 0.9157703518867493
        }
    }
}