{
    "confidence_score": 0.7579285502433777,
    "ptm": 0.795275866985321,
    "iptm": 0.5994716882705688,
    "ligand_iptm": 0.0,
    "protein_iptm": 0.5994716882705688,
    "complex_plddt": 0.7975428104400635,
    "complex_iplddt": 0.6894916892051697,
    "complex_pde": 0.8084197044372559,
    "complex_ipde": 7.765472888946533,
    "chains_ptm": {
        "0": 0.9509555697441101,
        "1": 0.9134320020675659
    },
    "pair_chains_iptm": {
        "0": {
            "0": 0.9509555697441101,
            "1": 0.5994716882705688
        },
        "1": {
            "0": 0.5523093342781067,
            "1": 0.9134320020675659
        }
    }
}