{
    "confidence_score": 0.7272521257400513,
    "ptm": 0.7955900430679321,
    "iptm": 0.5153212547302246,
    "ligand_iptm": 0.0,
    "protein_iptm": 0.5153212547302246,
    "complex_plddt": 0.7802348136901855,
    "complex_iplddt": 0.7600156664848328,
    "complex_pde": 0.7182372808456421,
    "complex_ipde": 7.257981300354004,
    "chains_ptm": {
        "0": 0.9604695439338684,
        "1": 0.917385458946228
    },
    "pair_chains_iptm": {
        "0": {
            "0": 0.9604695439338684,
            "1": 0.5153212547302246
        },
        "1": {
            "0": 0.46489691734313965,
            "1": 0.917385458946228
        }
    }
}