{
    "confidence_score": 0.6665824055671692,
    "ptm": 0.740093469619751,
    "iptm": 0.26501190662384033,
    "ligand_iptm": 0.0,
    "protein_iptm": 0.26501190662384033,
    "complex_plddt": 0.7669749855995178,
    "complex_iplddt": 0.7764627933502197,
    "complex_pde": 0.7913610935211182,
    "complex_ipde": 12.412010192871094,
    "chains_ptm": {
        "0": 0.9592111110687256,
        "1": 0.935077428817749
    },
    "pair_chains_iptm": {
        "0": {
            "0": 0.9592111110687256,
            "1": 0.2630830705165863
        },
        "1": {
            "0": 0.26501190662384033,
            "1": 0.935077428817749
        }
    }
}