{
    "confidence_score": 0.7382382154464722,
    "ptm": 0.8066127300262451,
    "iptm": 0.5489378571510315,
    "ligand_iptm": 0.0,
    "protein_iptm": 0.5489378571510315,
    "complex_plddt": 0.7855632901191711,
    "complex_iplddt": 0.799304723739624,
    "complex_pde": 0.7412171363830566,
    "complex_ipde": 8.692129135131836,
    "chains_ptm": {
        "0": 0.9622154831886292,
        "1": 0.9144887328147888
    },
    "pair_chains_iptm": {
        "0": {
            "0": 0.9622154831886292,
            "1": 0.5489378571510315
        },
        "1": {
            "0": 0.512363612651825,
            "1": 0.9144887328147888
        }
    }
}