{
    "confidence_score": 0.7264307141304016,
    "ptm": 0.7129713296890259,
    "iptm": 0.4620150327682495,
    "ligand_iptm": 0.0,
    "protein_iptm": 0.4620150327682495,
    "complex_plddt": 0.792534589767456,
    "complex_iplddt": 0.7968572378158569,
    "complex_pde": 1.1837319135665894,
    "complex_ipde": 9.87457275390625,
    "chains_ptm": {
        "0": 0.9513868093490601,
        "1": 0.829965353012085
    },
    "pair_chains_iptm": {
        "0": {
            "0": 0.9513868093490601,
            "1": 0.4620150327682495
        },
        "1": {
            "0": 0.3669591546058655,
            "1": 0.829965353012085
        }
    }
}