{
    "confidence_score": 0.7294551730155945,
    "ptm": 0.702877402305603,
    "iptm": 0.42076990008354187,
    "ligand_iptm": 0.0,
    "protein_iptm": 0.42076990008354187,
    "complex_plddt": 0.8066264986991882,
    "complex_iplddt": 0.7605841755867004,
    "complex_pde": 1.1522995233535767,
    "complex_ipde": 11.141082763671875,
    "chains_ptm": {
        "0": 0.9540230631828308,
        "1": 0.835510790348053
    },
    "pair_chains_iptm": {
        "0": {
            "0": 0.9540230631828308,
            "1": 0.42076990008354187
        },
        "1": {
            "0": 0.36678600311279297,
            "1": 0.835510790348053
        }
    }
}