{
    "confidence_score": 0.7637640833854675,
    "ptm": 0.7666196823120117,
    "iptm": 0.51673424243927,
    "ligand_iptm": 0.0,
    "protein_iptm": 0.51673424243927,
    "complex_plddt": 0.8255215883255005,
    "complex_iplddt": 0.801537036895752,
    "complex_pde": 0.904413640499115,
    "complex_ipde": 9.757037162780762,
    "chains_ptm": {
        "0": 0.9538390636444092,
        "1": 0.8806546926498413
    },
    "pair_chains_iptm": {
        "0": {
            "0": 0.9538390636444092,
            "1": 0.51673424243927
        },
        "1": {
            "0": 0.45134758949279785,
            "1": 0.8806546926498413
        }
    }
}