{
    "confidence_score": 0.6835999488830566,
    "ptm": 0.6412277221679688,
    "iptm": 0.28306442499160767,
    "ligand_iptm": 0.0,
    "protein_iptm": 0.28306442499160767,
    "complex_plddt": 0.7837338447570801,
    "complex_iplddt": 0.7312870621681213,
    "complex_pde": 1.3591737747192383,
    "complex_ipde": 12.365046501159668,
    "chains_ptm": {
        "0": 0.9565447568893433,
        "1": 0.7973213195800781
    },
    "pair_chains_iptm": {
        "0": {
            "0": 0.9565447568893433,
            "1": 0.28306442499160767
        },
        "1": {
            "0": 0.27125340700149536,
            "1": 0.7973213195800781
        }
    }
}