{
    "confidence_score": 0.7686166167259216,
    "ptm": 0.752214789390564,
    "iptm": 0.43317946791648865,
    "ligand_iptm": 0.0,
    "protein_iptm": 0.43317946791648865,
    "complex_plddt": 0.8524758815765381,
    "complex_iplddt": 0.8242874145507812,
    "complex_pde": 0.8374646902084351,
    "complex_ipde": 11.923035621643066,
    "chains_ptm": {
        "0": 0.9551007747650146,
        "1": 0.9044547080993652
    },
    "pair_chains_iptm": {
        "0": {
            "0": 0.9551007747650146,
            "1": 0.43317946791648865
        },
        "1": {
            "0": 0.3975057899951935,
            "1": 0.9044547080993652
        }
    }
}