{
    "confidence_score": 0.8642999529838562,
    "ptm": 0.9011907577514648,
    "iptm": 0.8621808886528015,
    "ligand_iptm": 0.0,
    "protein_iptm": 0.8621808886528015,
    "complex_plddt": 0.8648297786712646,
    "complex_iplddt": 0.8613635301589966,
    "complex_pde": 0.5693264603614807,
    "complex_ipde": 3.0384011268615723,
    "chains_ptm": {
        "0": 0.967056393623352,
        "1": 0.9231869578361511
    },
    "pair_chains_iptm": {
        "0": {
            "0": 0.967056393623352,
            "1": 0.8621808886528015
        },
        "1": {
            "0": 0.7958303093910217,
            "1": 0.9231869578361511
        }
    }
}