{
    "confidence_score": 0.8011445999145508,
    "ptm": 0.67695552110672,
    "iptm": 0.34859976172447205,
    "ligand_iptm": 0.0,
    "protein_iptm": 0.34859976172447205,
    "complex_plddt": 0.9142807722091675,
    "complex_iplddt": 0.8960391283035278,
    "complex_pde": 0.6189910769462585,
    "complex_ipde": 7.638089179992676,
    "chains_ptm": {
        "0": 0.9807500243186951,
        "1": 0.9860537648200989,
        "2": 0.9793478846549988
    },
    "pair_chains_iptm": {
        "0": {
            "0": 0.9807500243186951,
            "1": 0.913260817527771,
            "2": 0.13661912083625793
        },
        "1": {
            "0": 0.9178858995437622,
            "1": 0.9860537648200989,
            "2": 0.14535833895206451
        },
        "2": {
            "0": 0.18338140845298767,
            "1": 0.18164466321468353,
            "2": 0.9793478846549988
        }
    }
}