{
    "confidence_score": 0.6728734970092773,
    "ptm": 0.7246807813644409,
    "iptm": 0.23890170454978943,
    "ligand_iptm": 0.0,
    "protein_iptm": 0.23890170454978943,
    "complex_plddt": 0.7813664674758911,
    "complex_iplddt": 0.7703164219856262,
    "complex_pde": 0.8685199022293091,
    "complex_ipde": 13.325090408325195,
    "chains_ptm": {
        "0": 0.9448385238647461,
        "1": 0.9293855428695679
    },
    "pair_chains_iptm": {
        "0": {
            "0": 0.9448385238647461,
            "1": 0.23890170454978943
        },
        "1": {
            "0": 0.23250435292720795,
            "1": 0.9293855428695679
        }
    }
}