{
    "confidence_score": 0.7337726950645447,
    "ptm": 0.6677789688110352,
    "iptm": 0.2712133228778839,
    "ligand_iptm": 0.0,
    "protein_iptm": 0.2712133228778839,
    "complex_plddt": 0.8494125008583069,
    "complex_iplddt": 0.7919607758522034,
    "complex_pde": 1.0445051193237305,
    "complex_ipde": 14.462408065795898,
    "chains_ptm": {
        "0": 0.958573043346405,
        "1": 0.8562319278717041
    },
    "pair_chains_iptm": {
        "0": {
            "0": 0.958573043346405,
            "1": 0.2712133228778839
        },
        "1": {
            "0": 0.24751737713813782,
            "1": 0.8562319278717041
        }
    }
}