{
    "confidence_score": 0.6667398810386658,
    "ptm": 0.6198328137397766,
    "iptm": 0.1817639321088791,
    "ligand_iptm": 0.0,
    "protein_iptm": 0.1817639321088791,
    "complex_plddt": 0.7879838943481445,
    "complex_iplddt": 0.7929549813270569,
    "complex_pde": 1.3185181617736816,
    "complex_ipde": 13.954458236694336,
    "chains_ptm": {
        "0": 0.9518615007400513,
        "1": 0.8022635579109192
    },
    "pair_chains_iptm": {
        "0": {
            "0": 0.9518615007400513,
            "1": 0.17270267009735107
        },
        "1": {
            "0": 0.1817639321088791,
            "1": 0.8022635579109192
        }
    }
}