{
    "confidence_score": 0.7593889236450195,
    "ptm": 0.7481495141983032,
    "iptm": 0.48895353078842163,
    "ligand_iptm": 0.0,
    "protein_iptm": 0.48895353078842163,
    "complex_plddt": 0.8269977569580078,
    "complex_iplddt": 0.7968088388442993,
    "complex_pde": 0.9146896600723267,
    "complex_ipde": 10.077178001403809,
    "chains_ptm": {
        "0": 0.9543678760528564,
        "1": 0.869638979434967
    },
    "pair_chains_iptm": {
        "0": {
            "0": 0.9543678760528564,
            "1": 0.48895353078842163
        },
        "1": {
            "0": 0.45935243368148804,
            "1": 0.869638979434967
        }
    }
}