{
    "confidence_score": 0.7894331812858582,
    "ptm": 0.8203327655792236,
    "iptm": 0.6269827485084534,
    "ligand_iptm": 0.0,
    "protein_iptm": 0.6269827485084534,
    "complex_plddt": 0.8300458192825317,
    "complex_iplddt": 0.809109091758728,
    "complex_pde": 0.7049428820610046,
    "complex_ipde": 7.444056987762451,
    "chains_ptm": {
        "0": 0.9572529196739197,
        "1": 0.9182606339454651
    },
    "pair_chains_iptm": {
        "0": {
            "0": 0.9572529196739197,
            "1": 0.6269827485084534
        },
        "1": {
            "0": 0.5811402797698975,
            "1": 0.9182606339454651
        }
    }
}