{
    "confidence_score": 0.675838053226471,
    "ptm": 0.6836560368537903,
    "iptm": 0.23079334199428558,
    "ligand_iptm": 0.0,
    "protein_iptm": 0.23079334199428558,
    "complex_plddt": 0.7870992422103882,
    "complex_iplddt": 0.7651947140693665,
    "complex_pde": 1.1153124570846558,
    "complex_ipde": 13.351726531982422,
    "chains_ptm": {
        "0": 0.9564346075057983,
        "1": 0.8691213726997375
    },
    "pair_chains_iptm": {
        "0": {
            "0": 0.9564346075057983,
            "1": 0.22810176014900208
        },
        "1": {
            "0": 0.23079334199428558,
            "1": 0.8691213726997375
        }
    }
}