{
    "confidence_score": 0.7380973696708679,
    "ptm": 0.7517069578170776,
    "iptm": 0.4166383743286133,
    "ligand_iptm": 0.0,
    "protein_iptm": 0.4166383743286133,
    "complex_plddt": 0.818462073802948,
    "complex_iplddt": 0.7657148241996765,
    "complex_pde": 0.8065462112426758,
    "complex_ipde": 11.258615493774414,
    "chains_ptm": {
        "0": 0.9568593502044678,
        "1": 0.9094980955123901
    },
    "pair_chains_iptm": {
        "0": {
            "0": 0.9568593502044678,
            "1": 0.4166383743286133
        },
        "1": {
            "0": 0.4043327867984772,
            "1": 0.9094980955123901
        }
    }
}