{
    "confidence_score": 0.8121070861816406,
    "ptm": 0.8351462483406067,
    "iptm": 0.7589071989059448,
    "ligand_iptm": 0.0,
    "protein_iptm": 0.7589071989059448,
    "complex_plddt": 0.825407087802887,
    "complex_iplddt": 0.7914712429046631,
    "complex_pde": 0.8032717108726501,
    "complex_ipde": 5.895312786102295,
    "chains_ptm": {
        "0": 0.9653671979904175,
        "1": 0.8708220720291138
    },
    "pair_chains_iptm": {
        "0": {
            "0": 0.9653671979904175,
            "1": 0.7589071989059448
        },
        "1": {
            "0": 0.6640402674674988,
            "1": 0.8708220720291138
        }
    }
}