{
    "confidence_score": 0.8149082064628601,
    "ptm": 0.7134426832199097,
    "iptm": 0.4152417480945587,
    "ligand_iptm": 0.0,
    "protein_iptm": 0.4152417480945587,
    "complex_plddt": 0.9148247838020325,
    "complex_iplddt": 0.8758308291435242,
    "complex_pde": 0.5967056751251221,
    "complex_ipde": 7.050885200500488,
    "chains_ptm": {
        "0": 0.9797214865684509,
        "1": 0.9895950555801392,
        "2": 0.974907636642456
    },
    "pair_chains_iptm": {
        "0": {
            "0": 0.9797214865684509,
            "1": 0.9260625243186951,
            "2": 0.25763413310050964
        },
        "1": {
            "0": 0.9307404160499573,
            "1": 0.9895950555801392,
            "2": 0.23783063888549805
        },
        "2": {
            "0": 0.26272180676460266,
            "1": 0.26420578360557556,
            "2": 0.974907636642456
        }
    }
}