{
    "confidence_score": 0.6803521513938904,
    "ptm": 0.7069537043571472,
    "iptm": 0.2927071452140808,
    "ligand_iptm": 0.0,
    "protein_iptm": 0.2927071452140808,
    "complex_plddt": 0.777263343334198,
    "complex_iplddt": 0.7194578051567078,
    "complex_pde": 1.004547119140625,
    "complex_ipde": 12.374369621276855,
    "chains_ptm": {
        "0": 0.9573235511779785,
        "1": 0.8795301914215088
    },
    "pair_chains_iptm": {
        "0": {
            "0": 0.9573235511779785,
            "1": 0.2927071452140808
        },
        "1": {
            "0": 0.2833915054798126,
            "1": 0.8795301914215088
        }
    }
}