{
    "confidence_score": 0.7816953063011169,
    "ptm": 0.7963734865188599,
    "iptm": 0.5359438061714172,
    "ligand_iptm": 0.0,
    "protein_iptm": 0.5359438061714172,
    "complex_plddt": 0.8431331515312195,
    "complex_iplddt": 0.8289275169372559,
    "complex_pde": 0.7428430914878845,
    "complex_ipde": 9.389873504638672,
    "chains_ptm": {
        "0": 0.9563197493553162,
        "1": 0.9194291234016418
    },
    "pair_chains_iptm": {
        "0": {
            "0": 0.9563197493553162,
            "1": 0.5359438061714172
        },
        "1": {
            "0": 0.4631032645702362,
            "1": 0.9194291234016418
        }
    }
}