{
    "confidence_score": 0.6601919531822205,
    "ptm": 0.6829557418823242,
    "iptm": 0.2483931928873062,
    "ligand_iptm": 0.0,
    "protein_iptm": 0.2483931928873062,
    "complex_plddt": 0.7631415724754333,
    "complex_iplddt": 0.7459262013435364,
    "complex_pde": 1.0413302183151245,
    "complex_ipde": 12.206158638000488,
    "chains_ptm": {
        "0": 0.95566725730896,
        "1": 0.8637893199920654
    },
    "pair_chains_iptm": {
        "0": {
            "0": 0.95566725730896,
            "1": 0.2483931928873062
        },
        "1": {
            "0": 0.23897823691368103,
            "1": 0.8637893199920654
        }
    }
}