{
    "confidence_score": 0.6603197455406189,
    "ptm": 0.6762344837188721,
    "iptm": 0.21079574525356293,
    "ligand_iptm": 0.0,
    "protein_iptm": 0.21079574525356293,
    "complex_plddt": 0.7727007865905762,
    "complex_iplddt": 0.7643751502037048,
    "complex_pde": 1.1065709590911865,
    "complex_ipde": 12.8335599899292,
    "chains_ptm": {
        "0": 0.9638683795928955,
        "1": 0.8690215945243835
    },
    "pair_chains_iptm": {
        "0": {
            "0": 0.9638683795928955,
            "1": 0.21079574525356293
        },
        "1": {
            "0": 0.19942229986190796,
            "1": 0.8690215945243835
        }
    }
}