{
    "confidence_score": 0.7963962554931641,
    "ptm": 0.810684323310852,
    "iptm": 0.6583241820335388,
    "ligand_iptm": 0.0,
    "protein_iptm": 0.6583241820335388,
    "complex_plddt": 0.8309142589569092,
    "complex_iplddt": 0.7849750518798828,
    "complex_pde": 0.8504273295402527,
    "complex_ipde": 7.682626724243164,
    "chains_ptm": {
        "0": 0.9483392834663391,
        "1": 0.8853143453598022
    },
    "pair_chains_iptm": {
        "0": {
            "0": 0.9483392834663391,
            "1": 0.6583241820335388
        },
        "1": {
            "0": 0.5917261838912964,
            "1": 0.8853143453598022
        }
    }
}