{
    "confidence_score": 0.8270483016967773,
    "ptm": 0.8265442252159119,
    "iptm": 0.7488059401512146,
    "ligand_iptm": 0.0,
    "protein_iptm": 0.7488059401512146,
    "complex_plddt": 0.8466089367866516,
    "complex_iplddt": 0.8103951215744019,
    "complex_pde": 0.7753097414970398,
    "complex_ipde": 6.17664909362793,
    "chains_ptm": {
        "0": 0.9566203355789185,
        "1": 0.8674321174621582
    },
    "pair_chains_iptm": {
        "0": {
            "0": 0.9566203355789185,
            "1": 0.7488059401512146
        },
        "1": {
            "0": 0.6495581865310669,
            "1": 0.8674321174621582
        }
    }
}