{
    "confidence_score": 0.7560439109802246,
    "ptm": 0.7294723987579346,
    "iptm": 0.38337430357933044,
    "ligand_iptm": 0.0,
    "protein_iptm": 0.38337430357933044,
    "complex_plddt": 0.8492113351821899,
    "complex_iplddt": 0.824868381023407,
    "complex_pde": 0.9430996775627136,
    "complex_ipde": 11.725728034973145,
    "chains_ptm": {
        "0": 0.9483790397644043,
        "1": 0.8973894715309143
    },
    "pair_chains_iptm": {
        "0": {
            "0": 0.9483790397644043,
            "1": 0.38337430357933044
        },
        "1": {
            "0": 0.34506160020828247,
            "1": 0.8973894715309143
        }
    }
}